source,equipment,scenario,start_time,end_time,true_fault,params,effective_min_match,effective_tau,expert_fault,expert_conf,llm_fault,llm_confidence,llm_abnormal_decision,llm_evidence_sufficiency,llm_error,llm_called,llm_prompt_mode,fallback_needed,hybrid_strategy,legacy_hybrid_fault,legacy_hybrid_conf,hybrid_fault,hybrid_conf,arbitration_action,nonzero_predicate_count,max_predicate_level,evidence_strength
LBNL Boiler,LBNL Boiler Plant,BoilerPlant,,,,"{""boiler_delta_t_low"": 0, ""boiler_fuel_high"": 0, ""boiler_operation_bias"": 0, ""boiler_pi_abnormal"": 0, ""boiler_pressure_bias"": 0, ""boiler_temp_bias"": 0, ""heat_delivery_low"": 0}",66.66,0.45,Normal,1.0,Normal,0.95,normal,none,,1,evidence-rich-kb,0,evidence-aware,Normal,1.0,Normal,1.0,expert_high_conf,0,0,none
LBNL Boiler,LBNL Boiler Plant,BoilerPlant_boiler_PI,,,Boiler performance degradation,"{""boiler_delta_t_low"": 0, ""boiler_fuel_high"": 0, ""boiler_operation_bias"": 0, ""boiler_pi_abnormal"": 2, ""boiler_pressure_bias"": 0, ""boiler_temp_bias"": 0, ""heat_delivery_low"": 0}",66.66,0.45,Boiler performance degradation,0.136,Boiler performance degradation,0.7,abnormal,moderate,,1,evidence-rich-kb,1,evidence-aware,Boiler performance degradation,0.7,Boiler performance degradation,0.7,expert_llm_agree,1,2,strong
LBNL Boiler,LBNL Boiler Plant,BoilerPlant_boiler_bias_-2,,,Boiler sensor/control bias,"{""boiler_delta_t_low"": 0, ""boiler_fuel_high"": 0, ""boiler_operation_bias"": 0, ""boiler_pi_abnormal"": 1, ""boiler_pressure_bias"": 0, ""boiler_temp_bias"": 1, ""heat_delivery_low"": 0}",66.66,0.45,Boiler sensor/control bias,0.203,Boiler sensor/control bias,0.7,abnormal,moderate,,1,evidence-rich-kb,1,evidence-aware,Boiler sensor/control bias,0.7,Boiler sensor/control bias,0.203,expert_moderate_evidence,2,1,moderate
LBNL Boiler,LBNL Boiler Plant,BoilerPlant_boiler_bias_-4,,,Boiler sensor/control bias,"{""boiler_delta_t_low"": 0, ""boiler_fuel_high"": 0, ""boiler_operation_bias"": 0, ""boiler_pi_abnormal"": 2, ""boiler_pressure_bias"": 0, ""boiler_temp_bias"": 2, ""heat_delivery_low"": 0}",66.66,0.45,Boiler sensor/control bias,0.244,Boiler sensor/control bias,0.85,abnormal,strong,,1,evidence-rich-kb,1,evidence-aware,Boiler sensor/control bias,0.85,Boiler sensor/control bias,0.85,expert_llm_agree,2,2,strong
LBNL Boiler,LBNL Boiler Plant,BoilerPlant_boiler_bias_2,,,Boiler sensor/control bias,"{""boiler_delta_t_low"": 1, ""boiler_fuel_high"": 0, ""boiler_operation_bias"": 0, ""boiler_pi_abnormal"": 1, ""boiler_pressure_bias"": 0, ""boiler_temp_bias"": 1, ""heat_delivery_low"": 1}",66.66,0.45,Boiler sensor/control bias,0.262,Boiler sensor/control bias,0.8,abnormal,strong,,1,evidence-rich-kb,1,evidence-aware,Boiler sensor/control bias,0.8,Boiler sensor/control bias,0.8,expert_llm_agree,4,1,strong
LBNL Boiler,LBNL Boiler Plant,BoilerPlant_boiler_foul_065,,,Boiler fouling,"{""boiler_delta_t_low"": 1, ""boiler_fuel_high"": 0, ""boiler_operation_bias"": 2, ""boiler_pi_abnormal"": 2, ""boiler_pressure_bias"": 2, ""boiler_temp_bias"": 2, ""heat_delivery_low"": 2}",66.66,0.45,Boiler fouling,0.083,Boiler sensor/control bias,0.85,abnormal,strong,,1,evidence-rich-kb,1,evidence-aware,Boiler sensor/control bias,0.85,Boiler sensor/control bias,0.85,llm_override_strong,6,2,strong
LBNL Boiler,LBNL Boiler Plant,BoilerPlant_boiler_foul_080,,,Boiler fouling,"{""boiler_delta_t_low"": 0, ""boiler_fuel_high"": 0, ""boiler_operation_bias"": 0, ""boiler_pi_abnormal"": 2, ""boiler_pressure_bias"": 1, ""boiler_temp_bias"": 0, ""heat_delivery_low"": 0}",66.66,0.45,Boiler fouling,0.227,Boiler fouling,0.7,abnormal,moderate,,1,evidence-rich-kb,1,evidence-aware,Boiler fouling,0.7,Boiler fouling,0.7,expert_llm_agree,2,2,strong
LBNL Boiler,LBNL Boiler Plant,BoilerPlant_boiler_foul_095,,,Boiler fouling,"{""boiler_delta_t_low"": 0, ""boiler_fuel_high"": 0, ""boiler_operation_bias"": 0, ""boiler_pi_abnormal"": 0, ""boiler_pressure_bias"": 0, ""boiler_temp_bias"": 0, ""heat_delivery_low"": 0}",66.66,0.45,Normal,1.0,Normal,0.95,normal,none,,1,evidence-rich-kb,0,evidence-aware,Normal,1.0,Normal,1.0,expert_high_conf,0,0,none
LBNL Boiler,LBNL Boiler Plant,BoilerPlant_hot_water_pressure_bias_-10,,,Hot water pressure sensor bias,"{""boiler_delta_t_low"": 0, ""boiler_fuel_high"": 0, ""boiler_operation_bias"": 0, ""boiler_pi_abnormal"": 0, ""boiler_pressure_bias"": 2, ""boiler_temp_bias"": 0, ""heat_delivery_low"": 0}",66.66,0.45,Hot water pressure sensor bias,0.152,Hot water pressure sensor bias,0.8,abnormal,moderate,,1,evidence-rich-kb,1,evidence-aware,Hot water pressure sensor bias,0.8,Hot water pressure sensor bias,0.8,expert_llm_agree,1,2,strong
LBNL Boiler,LBNL Boiler Plant,BoilerPlant_hot_water_pressure_bias_-20,,,Hot water pressure sensor bias,"{""boiler_delta_t_low"": 0, ""boiler_fuel_high"": 0, ""boiler_operation_bias"": 0, ""boiler_pi_abnormal"": 0, ""boiler_pressure_bias"": 2, ""boiler_temp_bias"": 0, ""heat_delivery_low"": 0}",66.66,0.45,Hot water pressure sensor bias,0.152,Hot water pressure sensor bias,0.85,abnormal,strong,,1,evidence-rich-kb,1,evidence-aware,Hot water pressure sensor bias,0.85,Hot water pressure sensor bias,0.85,expert_llm_agree,1,2,strong
LBNL Boiler,LBNL Boiler Plant,BoilerPlant_hot_water_pressure_bias_10,,,Hot water pressure sensor bias,"{""boiler_delta_t_low"": 0, ""boiler_fuel_high"": 0, ""boiler_operation_bias"": 0, ""boiler_pi_abnormal"": 0, ""boiler_pressure_bias"": 2, ""boiler_temp_bias"": 0, ""heat_delivery_low"": 0}",66.66,0.45,Hot water pressure sensor bias,0.152,Hot water pressure sensor bias,0.7,abnormal,moderate,,1,evidence-rich-kb,1,evidence-aware,Hot water pressure sensor bias,0.7,Hot water pressure sensor bias,0.7,expert_llm_agree,1,2,strong
LBNL Boiler,LBNL Boiler Plant,BoilerPlant_hot_water_temp_bias_-2,,,Hot water temperature sensor bias,"{""boiler_delta_t_low"": 0, ""boiler_fuel_high"": 0, ""boiler_operation_bias"": 0, ""boiler_pi_abnormal"": 0, ""boiler_pressure_bias"": 0, ""boiler_temp_bias"": 2, ""heat_delivery_low"": 0}",66.66,0.45,Hot water temperature sensor bias,0.118,Hot water temperature sensor bias,0.85,abnormal,strong,,1,evidence-rich-kb,1,evidence-aware,Hot water temperature sensor bias,0.85,Hot water temperature sensor bias,0.85,expert_llm_agree,1,2,strong
LBNL Boiler,LBNL Boiler Plant,BoilerPlant_hot_water_temp_bias_-4,,,Hot water temperature sensor bias,"{""boiler_delta_t_low"": 0, ""boiler_fuel_high"": 0, ""boiler_operation_bias"": 0, ""boiler_pi_abnormal"": 0, ""boiler_pressure_bias"": 0, ""boiler_temp_bias"": 2, ""heat_delivery_low"": 0}",66.66,0.45,Hot water temperature sensor bias,0.118,Hot water temperature sensor bias,0.85,abnormal,strong,,1,evidence-rich-kb,1,evidence-aware,Hot water temperature sensor bias,0.85,Hot water temperature sensor bias,0.85,expert_llm_agree,1,2,strong
LBNL Chiller,LBNL Chiller Plant,ChillerPlant,,,,"{""bypass_flow_abnormal"": 0, ""chiller_delta_t_low"": 0, ""chiller_power_high"": 0, ""chiller_temp_bias"": 0, ""condenser_temp_lift_high"": 0, ""cooling_capacity_low"": 0, ""cooling_tower_pi_abnormal"": 0, ""cooling_tower_power_high"": 0, ""cooling_tower_temp_bias"": 0, ""cooling_tower_temp_high"": 0, ""secondary_pressure_bias"": 0}",66.66,0.45,Normal,1.0,Normal,0.95,normal,none,,1,evidence-rich-kb,0,evidence-aware,Normal,1.0,Normal,1.0,expert_high_conf,0,0,none
LBNL Chiller,LBNL Chiller Plant,ChillerPlant_bypass_leakage_025,,,Bypass valve leakage or stuck,"{""bypass_flow_abnormal"": 0, ""chiller_delta_t_low"": 0, ""chiller_power_high"": 0, ""chiller_temp_bias"": 0, ""condenser_temp_lift_high"": 0, ""cooling_capacity_low"": 0, ""cooling_tower_pi_abnormal"": 0, ""cooling_tower_power_high"": 0, ""cooling_tower_temp_bias"": 0, ""cooling_tower_temp_high"": 2, ""secondary_pressure_bias"": 0}",66.66,0.45,Bypass valve leakage or stuck,0.197,Bypass valve leakage or stuck,0.7,abnormal,moderate,,1,evidence-rich-kb,1,evidence-aware,Bypass valve leakage or stuck,0.7,Bypass valve leakage or stuck,0.7,expert_llm_agree,1,2,strong
LBNL Chiller,LBNL Chiller Plant,ChillerPlant_bypass_leakage_050,,,Bypass valve leakage or stuck,"{""bypass_flow_abnormal"": 2, ""chiller_delta_t_low"": 0, ""chiller_power_high"": 0, ""chiller_temp_bias"": 0, ""condenser_temp_lift_high"": 1, ""cooling_capacity_low"": 0, ""cooling_tower_pi_abnormal"": 1, ""cooling_tower_power_high"": 2, ""cooling_tower_temp_bias"": 2, ""cooling_tower_temp_high"": 2, ""secondary_pressure_bias"": 0}",66.66,0.45,Bypass valve leakage or stuck,0.118,Bypass valve leakage or stuck,0.95,abnormal,strong,,1,evidence-rich-kb,1,evidence-aware,Bypass valve leakage or stuck,0.95,Bypass valve leakage or stuck,0.95,expert_llm_agree,6,2,strong
LBNL Chiller,LBNL Chiller Plant,ChillerPlant_chiller_bias_-1,,,Chiller sensor bias,"{""bypass_flow_abnormal"": 2, ""chiller_delta_t_low"": 0, ""chiller_power_high"": 0, ""chiller_temp_bias"": 2, ""condenser_temp_lift_high"": 0, ""cooling_capacity_low"": 2, ""cooling_tower_pi_abnormal"": 0, ""cooling_tower_power_high"": 0, ""cooling_tower_temp_bias"": 0, ""cooling_tower_temp_high"": 0, ""secondary_pressure_bias"": 0}",66.66,0.45,Chiller sensor bias,0.158,Chiller sensor bias,0.85,abnormal,strong,,1,evidence-rich-kb,1,evidence-aware,Chiller sensor bias,0.85,Chiller sensor bias,0.85,expert_llm_agree,3,2,strong
LBNL Chiller,LBNL Chiller Plant,ChillerPlant_chiller_bias_-2,,,Chiller sensor bias,"{""bypass_flow_abnormal"": 2, ""chiller_delta_t_low"": 0, ""chiller_power_high"": 0, ""chiller_temp_bias"": 2, ""condenser_temp_lift_high"": 0, ""cooling_capacity_low"": 2, ""cooling_tower_pi_abnormal"": 0, ""cooling_tower_power_high"": 0, ""cooling_tower_temp_bias"": 0, ""cooling_tower_temp_high"": 0, ""secondary_pressure_bias"": 0}",66.66,0.45,Chiller sensor bias,0.158,Chiller sensor bias,0.95,abnormal,strong,,1,evidence-rich-kb,1,evidence-aware,Chiller sensor bias,0.95,Chiller sensor bias,0.95,expert_llm_agree,3,2,strong
LBNL Chiller,LBNL Chiller Plant,ChillerPlant_chiller_fouling_065,,,Chiller fouling,"{""bypass_flow_abnormal"": 0, ""chiller_delta_t_low"": 0, ""chiller_power_high"": 0, ""chiller_temp_bias"": 0, ""condenser_temp_lift_high"": 0, ""cooling_capacity_low"": 0, ""cooling_tower_pi_abnormal"": 0, ""cooling_tower_power_high"": 0, ""cooling_tower_temp_bias"": 0, ""cooling_tower_temp_high"": 0, ""secondary_pressure_bias"": 0}",66.66,0.45,Normal,1.0,Normal,0.95,normal,none,,1,evidence-rich-kb,0,evidence-aware,Normal,1.0,Normal,1.0,expert_high_conf,0,0,none
LBNL Chiller,LBNL Chiller Plant,ChillerPlant_chiller_fouling_095,,,Chiller fouling,"{""bypass_flow_abnormal"": 0, ""chiller_delta_t_low"": 0, ""chiller_power_high"": 0, ""chiller_temp_bias"": 0, ""condenser_temp_lift_high"": 0, ""cooling_capacity_low"": 0, ""cooling_tower_pi_abnormal"": 0, ""cooling_tower_power_high"": 0, ""cooling_tower_temp_bias"": 0, ""cooling_tower_temp_high"": 0, ""secondary_pressure_bias"": 0}",66.66,0.45,Normal,1.0,Normal,0.95,normal,none,,1,evidence-rich-kb,0,evidence-aware,Normal,1.0,Normal,1.0,expert_high_conf,0,0,none
LBNL Chiller,LBNL Chiller Plant,ChillerPlant_coolingtower_PI,,,Cooling tower performance degradation,"{""bypass_flow_abnormal"": 0, ""chiller_delta_t_low"": 0, ""chiller_power_high"": 0, ""chiller_temp_bias"": 0, ""condenser_temp_lift_high"": 0, ""cooling_capacity_low"": 0, ""cooling_tower_pi_abnormal"": 0, ""cooling_tower_power_high"": 0, ""cooling_tower_temp_bias"": 0, ""cooling_tower_temp_high"": 0, ""secondary_pressure_bias"": 0}",66.66,0.45,Normal,1.0,Normal,0.95,normal,none,,1,evidence-rich-kb,0,evidence-aware,Normal,1.0,Normal,1.0,expert_high_conf,0,0,none
LBNL Chiller,LBNL Chiller Plant,ChillerPlant_coolingtower_bias_-1,,,Cooling tower sensor bias,"{""bypass_flow_abnormal"": 0, ""chiller_delta_t_low"": 0, ""chiller_power_high"": 0, ""chiller_temp_bias"": 0, ""condenser_temp_lift_high"": 1, ""cooling_capacity_low"": 0, ""cooling_tower_pi_abnormal"": 1, ""cooling_tower_power_high"": 0, ""cooling_tower_temp_bias"": 1, ""cooling_tower_temp_high"": 0, ""secondary_pressure_bias"": 0}",66.66,0.45,Cooling tower sensor bias,0.296,Unknown,0.0,,,Expecting value: line 1 column 1 (char 0),1,evidence-rich-kb,1,evidence-aware,Cooling tower sensor bias,0.296,Cooling tower sensor bias,0.296,llm_rejected_unknown,3,1,strong
LBNL Chiller,LBNL Chiller Plant,ChillerPlant_coolingtower_bias_-2,,,Cooling tower sensor bias,"{""bypass_flow_abnormal"": 0, ""chiller_delta_t_low"": 0, ""chiller_power_high"": 0, ""chiller_temp_bias"": 0, ""condenser_temp_lift_high"": 2, ""cooling_capacity_low"": 0, ""cooling_tower_pi_abnormal"": 2, ""cooling_tower_power_high"": 0, ""cooling_tower_temp_bias"": 2, ""cooling_tower_temp_high"": 0, ""secondary_pressure_bias"": 0}",66.66,0.45,Cooling tower sensor bias,0.227,Cooling tower sensor bias,0.85,abnormal,strong,,1,evidence-rich-kb,1,evidence-aware,Cooling tower sensor bias,0.85,Cooling tower sensor bias,0.85,expert_llm_agree,3,2,strong
LBNL Chiller,LBNL Chiller Plant,ChillerPlant_coolingtower_fouling_065,,,Cooling tower fouling,"{""bypass_flow_abnormal"": 1, ""chiller_delta_t_low"": 0, ""chiller_power_high"": 0, ""chiller_temp_bias"": 0, ""condenser_temp_lift_high"": 0, ""cooling_capacity_low"": 0, ""cooling_tower_pi_abnormal"": 1, ""cooling_tower_power_high"": 0, ""cooling_tower_temp_bias"": 1, ""cooling_tower_temp_high"": 1, ""secondary_pressure_bias"": 0}",66.66,0.45,Bypass valve leakage or stuck,0.279,Cooling tower sensor bias,0.6,abnormal,moderate,,1,evidence-rich-kb,1,evidence-aware,Bypass valve leakage or stuck,0.279,Bypass valve leakage or stuck,0.279,llm_rejected_low_conf,4,1,strong
LBNL Chiller,LBNL Chiller Plant,ChillerPlant_coolingtower_fouling_080,,,Cooling tower fouling,"{""bypass_flow_abnormal"": 0, ""chiller_delta_t_low"": 0, ""chiller_power_high"": 0, ""chiller_temp_bias"": 0, ""condenser_temp_lift_high"": 0, ""cooling_capacity_low"": 0, ""cooling_tower_pi_abnormal"": 0, ""cooling_tower_power_high"": 0, ""cooling_tower_temp_bias"": 0, ""cooling_tower_temp_high"": 0, ""secondary_pressure_bias"": 0}",66.66,0.45,Normal,1.0,Normal,0.95,normal,none,,1,evidence-rich-kb,0,evidence-aware,Normal,1.0,Normal,1.0,expert_high_conf,0,0,none
LBNL Chiller,LBNL Chiller Plant,ChillerPlant_secondary_chilled_water_pressure_bias_-010,,,Secondary chilled water pressure sensor bias,"{""bypass_flow_abnormal"": 0, ""chiller_delta_t_low"": 0, ""chiller_power_high"": 0, ""chiller_temp_bias"": 0, ""condenser_temp_lift_high"": 0, ""cooling_capacity_low"": 0, ""cooling_tower_pi_abnormal"": 0, ""cooling_tower_power_high"": 0, ""cooling_tower_temp_bias"": 0, ""cooling_tower_temp_high"": 0, ""secondary_pressure_bias"": 0}",66.66,0.45,Normal,1.0,Normal,0.95,normal,none,,1,evidence-rich-kb,0,evidence-aware,Normal,1.0,Normal,1.0,expert_high_conf,0,0,none
LBNL RTU,LBNL RTU,Site1_Unfaulted,,,,"{""compressor_power_abnormal"": 0, ""cooling_delivery_low"": 0, ""economizer_signal_bias"": 0, ""outdoor_air_damper_abnormal"": 0, ""refrigerant_pressure_imbalance"": 0, ""refrigerant_pressure_low"": 0, ""supply_air_temp_high"": 0}",50.0,0.5,Normal,1.0,Normal,0.95,normal,none,,1,evidence-rich-kb,0,evidence-aware,Normal,1.0,Normal,1.0,expert_high_conf,0,0,none
LBNL RTU,LBNL RTU,Site1_Staging_Fault,,,Compressor staging or cooling capacity fault,"{""compressor_power_abnormal"": 0, ""cooling_delivery_low"": 0, ""economizer_signal_bias"": 1, ""outdoor_air_damper_abnormal"": 0, ""refrigerant_pressure_imbalance"": 0, ""refrigerant_pressure_low"": 1, ""supply_air_temp_high"": 0}",50.0,0.5,Refrigerant undercharge,0.093,Normal,0.5,normal,weak,,1,evidence-rich-kb,1,evidence-aware,Normal,0.5,Refrigerant undercharge,0.093,llm_rejected_unknown,2,1,moderate
LBNL RTU,LBNL RTU,Site2_Unfaulted,,,,"{""compressor_power_abnormal"": 0, ""cooling_delivery_low"": 0, ""economizer_signal_bias"": 0, ""outdoor_air_damper_abnormal"": 0, ""refrigerant_pressure_imbalance"": 0, ""refrigerant_pressure_low"": 0, ""supply_air_temp_high"": 0}",50.0,0.5,Normal,1.0,Normal,0.95,normal,none,,1,evidence-rich-kb,0,evidence-aware,Normal,1.0,Normal,1.0,expert_high_conf,0,0,none
LBNL RTU,LBNL RTU,Site2_Undercharged40,,,Refrigerant undercharge,"{""compressor_power_abnormal"": 1, ""cooling_delivery_low"": 0, ""economizer_signal_bias"": 1, ""outdoor_air_damper_abnormal"": 0, ""refrigerant_pressure_imbalance"": 1, ""refrigerant_pressure_low"": 1, ""supply_air_temp_high"": 0}",50.0,0.5,Refrigerant undercharge,0.154,Refrigerant undercharge,0.75,abnormal,strong,,1,evidence-rich-kb,1,evidence-aware,Refrigerant undercharge,0.75,Refrigerant undercharge,0.75,expert_llm_agree,4,1,strong
LBNL RTU,LBNL RTU,ERTU_Fall_2020,,,,"{""compressor_power_abnormal"": 0, ""cooling_delivery_low"": 0, ""economizer_signal_bias"": 0, ""outdoor_air_damper_abnormal"": 0, ""refrigerant_pressure_imbalance"": 0, ""refrigerant_pressure_low"": 0, ""supply_air_temp_high"": 0}",50.0,0.5,Normal,1.0,Normal,0.95,normal,none,,1,evidence-rich-kb,0,evidence-aware,Normal,1.0,Normal,1.0,expert_high_conf,0,0,none
LBNL RTU,LBNL RTU,Inc_Eco_SP_-2_Fall_2020,,,Economizer setpoint bias,"{""compressor_power_abnormal"": 0, ""cooling_delivery_low"": 0, ""economizer_signal_bias"": 1, ""outdoor_air_damper_abnormal"": 0, ""refrigerant_pressure_imbalance"": 0, ""refrigerant_pressure_low"": 0, ""supply_air_temp_high"": 0}",50.0,0.5,Economizer setpoint bias,0.102,Normal,0.4,normal,weak,,1,evidence-rich-kb,1,evidence-aware,Normal,0.4,Economizer setpoint bias,0.102,llm_rejected_unknown,1,1,weak
LBNL RTU,LBNL RTU,ERTU_Spring_2021,,,,"{""compressor_power_abnormal"": 0, ""cooling_delivery_low"": 0, ""economizer_signal_bias"": 0, ""outdoor_air_damper_abnormal"": 0, ""refrigerant_pressure_imbalance"": 0, ""refrigerant_pressure_low"": 0, ""supply_air_temp_high"": 0}",50.0,0.5,Normal,1.0,Normal,0.95,normal,none,,1,evidence-rich-kb,0,evidence-aware,Normal,1.0,Normal,1.0,expert_high_conf,0,0,none
LBNL RTU,LBNL RTU,Inc_Eco_SP_-2_Spring_2021,,,Economizer setpoint bias,"{""compressor_power_abnormal"": 2, ""cooling_delivery_low"": 1, ""economizer_signal_bias"": 1, ""outdoor_air_damper_abnormal"": 0, ""refrigerant_pressure_imbalance"": 0, ""refrigerant_pressure_low"": 0, ""supply_air_temp_high"": 0}",50.0,0.5,Economizer setpoint bias,0.165,Compressor staging or cooling capacity fault,0.8,abnormal,strong,,1,evidence-rich-kb,1,evidence-aware,Compressor staging or cooling capacity fault,0.8,Compressor staging or cooling capacity fault,0.8,llm_override_strong,3,2,strong
LBNL RTU,LBNL RTU,ERTU_Summer_2021,,,,"{""compressor_power_abnormal"": 0, ""cooling_delivery_low"": 0, ""economizer_signal_bias"": 0, ""outdoor_air_damper_abnormal"": 0, ""refrigerant_pressure_imbalance"": 0, ""refrigerant_pressure_low"": 0, ""supply_air_temp_high"": 0}",50.0,0.5,Normal,1.0,Normal,0.98,normal,none,,1,evidence-rich-kb,0,evidence-aware,Normal,1.0,Normal,1.0,expert_high_conf,0,0,none
LBNL RTU,LBNL RTU,Inc_Eco_SP_-2_Summer_2021,,,Economizer setpoint bias,"{""compressor_power_abnormal"": 0, ""cooling_delivery_low"": 0, ""economizer_signal_bias"": 1, ""outdoor_air_damper_abnormal"": 0, ""refrigerant_pressure_imbalance"": 0, ""refrigerant_pressure_low"": 0, ""supply_air_temp_high"": 0}",50.0,0.5,Economizer setpoint bias,0.102,Economizer setpoint bias,0.5,uncertain,weak,,1,evidence-rich-kb,1,evidence-aware,Economizer setpoint bias,0.5,Economizer setpoint bias,0.102,expert_weak_evidence,1,1,weak
LBNL RTU,LBNL RTU,ERTU_Winter_2022,,,,"{""compressor_power_abnormal"": 0, ""cooling_delivery_low"": 0, ""economizer_signal_bias"": 0, ""outdoor_air_damper_abnormal"": 0, ""refrigerant_pressure_imbalance"": 0, ""refrigerant_pressure_low"": 0, ""supply_air_temp_high"": 0}",50.0,0.5,Normal,1.0,Normal,0.99,normal,none,,1,evidence-rich-kb,0,evidence-aware,Normal,1.0,Normal,1.0,expert_high_conf,0,0,none
LBNL RTU,LBNL RTU,Inc_Eco_SP_-2_Winter_2022,,,Economizer setpoint bias,"{""compressor_power_abnormal"": 1, ""cooling_delivery_low"": 1, ""economizer_signal_bias"": 1, ""outdoor_air_damper_abnormal"": 0, ""refrigerant_pressure_imbalance"": 0, ""refrigerant_pressure_low"": 0, ""supply_air_temp_high"": 0}",50.0,0.5,Economizer setpoint bias,0.165,Economizer setpoint bias,0.7,abnormal,strong,,1,evidence-rich-kb,1,evidence-aware,Economizer setpoint bias,0.7,Economizer setpoint bias,0.7,expert_llm_agree,3,1,strong
LBNL RTU,LBNL RTU,Inc_Eco_SP_-4_Fall_2020,,,Economizer setpoint bias,"{""compressor_power_abnormal"": 0, ""cooling_delivery_low"": 0, ""economizer_signal_bias"": 1, ""outdoor_air_damper_abnormal"": 2, ""refrigerant_pressure_imbalance"": 0, ""refrigerant_pressure_low"": 0, ""supply_air_temp_high"": 0}",50.0,0.5,Outdoor air damper fault,0.144,Outdoor air damper fault,0.85,abnormal,strong,,1,evidence-rich-kb,1,evidence-aware,Outdoor air damper fault,0.85,Outdoor air damper fault,0.85,expert_llm_agree,2,2,strong
LBNL RTU,LBNL RTU,OA_damper_stuck_005_Fall_2020,,,Outdoor air damper fault,"{""compressor_power_abnormal"": 0, ""cooling_delivery_low"": 1, ""economizer_signal_bias"": 1, ""outdoor_air_damper_abnormal"": 0, ""refrigerant_pressure_imbalance"": 0, ""refrigerant_pressure_low"": 0, ""supply_air_temp_high"": 0}",50.0,0.5,Economizer setpoint bias,0.166,Economizer setpoint bias,0.7,abnormal,moderate,,1,evidence-rich-kb,1,evidence-aware,Economizer setpoint bias,0.7,Economizer setpoint bias,0.166,expert_moderate_evidence,2,1,moderate
LBNL RTU,LBNL RTU,OA_damper_stuck_005_Spring_2021,,,Outdoor air damper fault,"{""compressor_power_abnormal"": 1, ""cooling_delivery_low"": 0, ""economizer_signal_bias"": 1, ""outdoor_air_damper_abnormal"": 0, ""refrigerant_pressure_imbalance"": 0, ""refrigerant_pressure_low"": 0, ""supply_air_temp_high"": 0}",50.0,0.5,Economizer setpoint bias,0.144,Economizer setpoint bias,0.65,abnormal,moderate,,1,evidence-rich-kb,1,evidence-aware,Economizer setpoint bias,0.65,Economizer setpoint bias,0.144,expert_moderate_evidence,2,1,moderate
LBNL RTU,LBNL RTU,OA_damper_stuck_005_Summer_2021,,,Outdoor air damper fault,"{""compressor_power_abnormal"": 0, ""cooling_delivery_low"": 0, ""economizer_signal_bias"": 0, ""outdoor_air_damper_abnormal"": 0, ""refrigerant_pressure_imbalance"": 0, ""refrigerant_pressure_low"": 0, ""supply_air_temp_high"": 0}",50.0,0.5,Normal,1.0,Normal,0.9,normal,none,,1,evidence-rich-kb,0,evidence-aware,Normal,1.0,Normal,1.0,expert_high_conf,0,0,none
LBNL RTU,LBNL RTU,OA_damper_stuck_005_Winter_2022,,,Outdoor air damper fault,"{""compressor_power_abnormal"": 1, ""cooling_delivery_low"": 0, ""economizer_signal_bias"": 0, ""outdoor_air_damper_abnormal"": 0, ""refrigerant_pressure_imbalance"": 0, ""refrigerant_pressure_low"": 0, ""supply_air_temp_high"": 0}",50.0,0.5,Compressor staging or cooling capacity fault,0.079,Normal,0.4,normal,weak,,1,evidence-rich-kb,1,evidence-aware,Normal,0.4,Compressor staging or cooling capacity fault,0.079,llm_rejected_unknown,1,1,weak
LBNL RTU,LBNL RTU,OA_damper_stuck_010_Fall_2020,,,Outdoor air damper fault,"{""compressor_power_abnormal"": 0, ""cooling_delivery_low"": 0, ""economizer_signal_bias"": 1, ""outdoor_air_damper_abnormal"": 0, ""refrigerant_pressure_imbalance"": 0, ""refrigerant_pressure_low"": 0, ""supply_air_temp_high"": 0}",50.0,0.5,Economizer setpoint bias,0.102,Normal,0.4,normal,weak,,1,evidence-rich-kb,1,evidence-aware,Normal,0.4,Economizer setpoint bias,0.102,llm_rejected_unknown,1,1,weak
MetroPT,MetroPT Compressor,__normal___0,2022-04-28 12:33:29.120,2022-04-28 12:38:25.408,,"{""compressor_runtime_high"": 0, ""current_pressure_gap"": 0, ""low_pressure_switch_active"": 0, ""motor_current_high"": 1, ""motor_current_rising"": 0, ""oil_temp_rising"": 1, ""oil_temperature_high"": 0, ""pressure_drop_frequent"": 0, ""pressure_recovery_slow"": 0, ""pressure_recovery_steep"": 0, ""pressure_switch_abnormal"": 0, ""reservoir_pressure_low"": 0}",66.66,0.2,Oil Leak,0.214,Unknown,0.5,abnormal,moderate,,1,evidence-rich-kb,0,evidence-aware,Oil Leak,0.214,Oil Leak,0.214,expert_high_conf,2,1,moderate
MetroPT,MetroPT Compressor,__normal___1,2022-04-28 12:38:26.398,2022-04-28 12:43:22.710,,"{""compressor_runtime_high"": 0, ""current_pressure_gap"": 0, ""low_pressure_switch_active"": 0, ""motor_current_high"": 0, ""motor_current_rising"": 0, ""oil_temp_rising"": 0, ""oil_temperature_high"": 0, ""pressure_drop_frequent"": 0, ""pressure_recovery_slow"": 0, ""pressure_recovery_steep"": 0, ""pressure_switch_abnormal"": 0, ""reservoir_pressure_low"": 0}",66.66,0.2,Normal,1.0,Normal,0.95,normal,none,,1,evidence-rich-kb,0,evidence-aware,Normal,1.0,Normal,1.0,expert_high_conf,0,0,none
MetroPT,MetroPT Compressor,__normal___2,2022-04-28 12:43:23.701,2022-04-28 12:48:20.013,,"{""compressor_runtime_high"": 0, ""current_pressure_gap"": 0, ""low_pressure_switch_active"": 0, ""motor_current_high"": 0, ""motor_current_rising"": 0, ""oil_temp_rising"": 0, ""oil_temperature_high"": 0, ""pressure_drop_frequent"": 0, ""pressure_recovery_slow"": 0, ""pressure_recovery_steep"": 0, ""pressure_switch_abnormal"": 0, ""reservoir_pressure_low"": 0}",66.66,0.2,Normal,1.0,Normal,0.95,normal,none,,1,evidence-rich-kb,0,evidence-aware,Normal,1.0,Normal,1.0,expert_high_conf,0,0,none
MetroPT,MetroPT Compressor,__normal___3,2022-04-28 12:48:21.004,2022-04-28 12:53:17.312,,"{""compressor_runtime_high"": 0, ""current_pressure_gap"": 0, ""low_pressure_switch_active"": 0, ""motor_current_high"": 0, ""motor_current_rising"": 0, ""oil_temp_rising"": 0, ""oil_temperature_high"": 0, ""pressure_drop_frequent"": 0, ""pressure_recovery_slow"": 0, ""pressure_recovery_steep"": 0, ""pressure_switch_abnormal"": 0, ""reservoir_pressure_low"": 0}",66.66,0.2,Normal,1.0,Normal,0.95,normal,none,,1,evidence-rich-kb,0,evidence-aware,Normal,1.0,Normal,1.0,expert_high_conf,0,0,none
MetroPT,MetroPT Compressor,__normal___4,2022-04-28 12:53:18.303,2022-04-28 12:58:14.625,,"{""compressor_runtime_high"": 0, ""current_pressure_gap"": 0, ""low_pressure_switch_active"": 0, ""motor_current_high"": 0, ""motor_current_rising"": 0, ""oil_temp_rising"": 0, ""oil_temperature_high"": 0, ""pressure_drop_frequent"": 0, ""pressure_recovery_slow"": 0, ""pressure_recovery_steep"": 0, ""pressure_switch_abnormal"": 0, ""reservoir_pressure_low"": 0}",66.66,0.2,Normal,1.0,Normal,0.95,normal,none,,1,evidence-rich-kb,0,evidence-aware,Normal,1.0,Normal,1.0,expert_high_conf,0,0,none
MetroPT,MetroPT Compressor,__normal___5,2022-04-28 12:58:15.616,2022-04-28 13:03:11.935,,"{""compressor_runtime_high"": 0, ""current_pressure_gap"": 0, ""low_pressure_switch_active"": 0, ""motor_current_high"": 0, ""motor_current_rising"": 1, ""oil_temp_rising"": 1, ""oil_temperature_high"": 0, ""pressure_drop_frequent"": 0, ""pressure_recovery_slow"": 0, ""pressure_recovery_steep"": 0, ""pressure_switch_abnormal"": 0, ""reservoir_pressure_low"": 0}",66.66,0.2,Normal,0.669,Normal,0.5,uncertain,moderate,,1,evidence-rich-kb,0,evidence-aware,Normal,0.669,Normal,0.669,expert_high_conf,2,1,moderate
MetroPT,MetroPT Compressor,__normal___6,2022-04-28 13:03:12.926,2022-04-28 13:08:09.221,,"{""compressor_runtime_high"": 0, ""current_pressure_gap"": 0, ""low_pressure_switch_active"": 0, ""motor_current_high"": 0, ""motor_current_rising"": 0, ""oil_temp_rising"": 0, ""oil_temperature_high"": 0, ""pressure_drop_frequent"": 0, ""pressure_recovery_slow"": 0, ""pressure_recovery_steep"": 0, ""pressure_switch_abnormal"": 0, ""reservoir_pressure_low"": 0}",66.66,0.2,Normal,1.0,Normal,0.92,normal,none,,1,evidence-rich-kb,0,evidence-aware,Normal,1.0,Normal,1.0,expert_high_conf,0,0,none
MetroPT,MetroPT Compressor,__normal___7,2022-04-28 13:08:10.212,2022-04-28 13:13:06.500,,"{""compressor_runtime_high"": 0, ""current_pressure_gap"": 0, ""low_pressure_switch_active"": 0, ""motor_current_high"": 0, ""motor_current_rising"": 0, ""oil_temp_rising"": 0, ""oil_temperature_high"": 0, ""pressure_drop_frequent"": 0, ""pressure_recovery_slow"": 0, ""pressure_recovery_steep"": 0, ""pressure_switch_abnormal"": 0, ""reservoir_pressure_low"": 0}",66.66,0.2,Normal,1.0,Normal,0.95,normal,none,,1,evidence-rich-kb,0,evidence-aware,Normal,1.0,Normal,1.0,expert_high_conf,0,0,none
MetroPT,MetroPT Compressor,__normal___8,2022-04-28 13:13:07.491,2022-04-28 13:18:03.790,,"{""compressor_runtime_high"": 0, ""current_pressure_gap"": 0, ""low_pressure_switch_active"": 0, ""motor_current_high"": 0, ""motor_current_rising"": 0, ""oil_temp_rising"": 0, ""oil_temperature_high"": 0, ""pressure_drop_frequent"": 0, ""pressure_recovery_slow"": 0, ""pressure_recovery_steep"": 0, ""pressure_switch_abnormal"": 0, ""reservoir_pressure_low"": 0}",66.66,0.2,Normal,1.0,Normal,0.95,normal,none,,1,evidence-rich-kb,0,evidence-aware,Normal,1.0,Normal,1.0,expert_high_conf,0,0,none
MetroPT,MetroPT Compressor,__normal___9,2022-04-28 13:18:04.781,2022-04-28 13:23:01.070,,"{""compressor_runtime_high"": 0, ""current_pressure_gap"": 0, ""low_pressure_switch_active"": 0, ""motor_current_high"": 0, ""motor_current_rising"": 0, ""oil_temp_rising"": 0, ""oil_temperature_high"": 0, ""pressure_drop_frequent"": 0, ""pressure_recovery_slow"": 0, ""pressure_recovery_steep"": 0, ""pressure_switch_abnormal"": 0, ""reservoir_pressure_low"": 0}",66.66,0.2,Normal,1.0,Normal,0.95,normal,none,,1,evidence-rich-kb,0,evidence-aware,Normal,1.0,Normal,1.0,expert_high_conf,0,0,none
MetroPT,MetroPT Compressor,__normal___10,2022-04-28 13:23:02.061,2022-04-28 13:27:58.365,,"{""compressor_runtime_high"": 0, ""current_pressure_gap"": 0, ""low_pressure_switch_active"": 0, ""motor_current_high"": 0, ""motor_current_rising"": 2, ""oil_temp_rising"": 0, ""oil_temperature_high"": 0, ""pressure_drop_frequent"": 0, ""pressure_recovery_slow"": 0, ""pressure_recovery_steep"": 0, ""pressure_switch_abnormal"": 0, ""reservoir_pressure_low"": 0}",66.66,0.2,Normal,1.0,Unknown,0.6,abnormal,moderate,,1,evidence-rich-kb,0,evidence-aware,Normal,1.0,Normal,1.0,expert_high_conf,1,2,strong
MetroPT,MetroPT Compressor,__normal___11,2022-04-28 13:27:59.356,2022-04-28 13:32:55.681,,"{""compressor_runtime_high"": 0, ""current_pressure_gap"": 0, ""low_pressure_switch_active"": 0, ""motor_current_high"": 0, ""motor_current_rising"": 0, ""oil_temp_rising"": 0, ""oil_temperature_high"": 0, ""pressure_drop_frequent"": 0, ""pressure_recovery_slow"": 1, ""pressure_recovery_steep"": 1, ""pressure_switch_abnormal"": 0, ""reservoir_pressure_low"": 0}",66.66,0.2,Normal,1.0,Normal,0.4,uncertain,weak,,1,evidence-rich-kb,0,evidence-aware,Normal,1.0,Normal,1.0,expert_high_conf,2,1,moderate
MetroPT,MetroPT Compressor,__normal___12,2022-04-28 13:32:56.672,2022-04-28 13:37:52.989,,"{""compressor_runtime_high"": 0, ""current_pressure_gap"": 0, ""low_pressure_switch_active"": 0, ""motor_current_high"": 0, ""motor_current_rising"": 0, ""oil_temp_rising"": 0, ""oil_temperature_high"": 0, ""pressure_drop_frequent"": 0, ""pressure_recovery_slow"": 0, ""pressure_recovery_steep"": 0, ""pressure_switch_abnormal"": 0, ""reservoir_pressure_low"": 0}",66.66,0.2,Normal,1.0,Normal,0.95,normal,none,,1,evidence-rich-kb,0,evidence-aware,Normal,1.0,Normal,1.0,expert_high_conf,0,0,none
MetroPT,MetroPT Compressor,__normal___13,2022-04-28 13:37:53.980,2022-04-28 13:42:50.288,,"{""compressor_runtime_high"": 0, ""current_pressure_gap"": 0, ""low_pressure_switch_active"": 0, ""motor_current_high"": 0, ""motor_current_rising"": 0, ""oil_temp_rising"": 0, ""oil_temperature_high"": 0, ""pressure_drop_frequent"": 0, ""pressure_recovery_slow"": 0, ""pressure_recovery_steep"": 0, ""pressure_switch_abnormal"": 0, ""reservoir_pressure_low"": 0}",66.66,0.2,Normal,1.0,Normal,0.95,normal,none,,1,evidence-rich-kb,0,evidence-aware,Normal,1.0,Normal,1.0,expert_high_conf,0,0,none
MetroPT,MetroPT Compressor,__normal___14,2022-04-28 13:42:51.279,2022-04-28 13:47:47.586,,"{""compressor_runtime_high"": 0, ""current_pressure_gap"": 0, ""low_pressure_switch_active"": 0, ""motor_current_high"": 0, ""motor_current_rising"": 0, ""oil_temp_rising"": 0, ""oil_temperature_high"": 0, ""pressure_drop_frequent"": 0, ""pressure_recovery_slow"": 0, ""pressure_recovery_steep"": 0, ""pressure_switch_abnormal"": 0, ""reservoir_pressure_low"": 0}",66.66,0.2,Normal,1.0,Normal,0.95,normal,none,,1,evidence-rich-kb,0,evidence-aware,Normal,1.0,Normal,1.0,expert_high_conf,0,0,none
MetroPT,MetroPT Compressor,__normal___15,2022-04-28 13:47:48.578,2022-04-28 13:52:44.873,,"{""compressor_runtime_high"": 0, ""current_pressure_gap"": 0, ""low_pressure_switch_active"": 0, ""motor_current_high"": 0, ""motor_current_rising"": 1, ""oil_temp_rising"": 1, ""oil_temperature_high"": 0, ""pressure_drop_frequent"": 0, ""pressure_recovery_slow"": 0, ""pressure_recovery_steep"": 0, ""pressure_switch_abnormal"": 0, ""reservoir_pressure_low"": 0}",66.66,0.2,Normal,0.669,Normal,0.4,uncertain,weak,,1,evidence-rich-kb,0,evidence-aware,Normal,0.669,Normal,0.669,expert_high_conf,2,1,moderate
MetroPT,MetroPT Compressor,__normal___16,2022-04-28 13:52:45.864,2022-04-28 13:57:42.155,,"{""compressor_runtime_high"": 0, ""current_pressure_gap"": 0, ""low_pressure_switch_active"": 0, ""motor_current_high"": 0, ""motor_current_rising"": 0, ""oil_temp_rising"": 0, ""oil_temperature_high"": 0, ""pressure_drop_frequent"": 0, ""pressure_recovery_slow"": 1, ""pressure_recovery_steep"": 1, ""pressure_switch_abnormal"": 0, ""reservoir_pressure_low"": 0}",66.66,0.2,Normal,1.0,Normal,0.45,normal,weak,,1,evidence-rich-kb,0,evidence-aware,Normal,1.0,Normal,1.0,expert_high_conf,2,1,moderate
MetroPT,MetroPT Compressor,__normal___17,2022-04-28 13:57:43.146,2022-04-28 14:02:39.452,,"{""compressor_runtime_high"": 0, ""current_pressure_gap"": 0, ""low_pressure_switch_active"": 0, ""motor_current_high"": 0, ""motor_current_rising"": 0, ""oil_temp_rising"": 0, ""oil_temperature_high"": 0, ""pressure_drop_frequent"": 0, ""pressure_recovery_slow"": 0, ""pressure_recovery_steep"": 0, ""pressure_switch_abnormal"": 0, ""reservoir_pressure_low"": 0}",66.66,0.2,Normal,1.0,Normal,0.95,normal,none,,1,evidence-rich-kb,0,evidence-aware,Normal,1.0,Normal,1.0,expert_high_conf,0,0,none
MetroPT,MetroPT Compressor,__normal___18,2022-04-28 14:02:40.443,2022-04-28 14:07:36.742,,"{""compressor_runtime_high"": 0, ""current_pressure_gap"": 0, ""low_pressure_switch_active"": 0, ""motor_current_high"": 0, ""motor_current_rising"": 1, ""oil_temp_rising"": 0, ""oil_temperature_high"": 0, ""pressure_drop_frequent"": 0, ""pressure_recovery_slow"": 0, ""pressure_recovery_steep"": 0, ""pressure_switch_abnormal"": 0, ""reservoir_pressure_low"": 0}",66.66,0.2,Normal,1.0,Normal,0.4,normal,weak,,1,evidence-rich-kb,0,evidence-aware,Normal,1.0,Normal,1.0,expert_high_conf,1,1,weak
MetroPT,MetroPT Compressor,__normal___19,2022-04-28 14:07:37.733,2022-04-28 14:12:34.046,,"{""compressor_runtime_high"": 0, ""current_pressure_gap"": 0, ""low_pressure_switch_active"": 0, ""motor_current_high"": 1, ""motor_current_rising"": 0, ""oil_temp_rising"": 0, ""oil_temperature_high"": 1, ""pressure_drop_frequent"": 0, ""pressure_recovery_slow"": 0, ""pressure_recovery_steep"": 0, ""pressure_switch_abnormal"": 0, ""reservoir_pressure_low"": 0}",66.66,0.2,Oil Leak,0.105,Oil Leak,0.7,abnormal,moderate,,1,evidence-rich-kb,1,evidence-aware,Oil Leak,0.7,Oil Leak,0.105,expert_moderate_evidence,2,1,moderate
MetroPT,MetroPT Compressor,Air Leak_0,2022-06-04 10:19:24.327,2022-06-04 10:24:20.848,Air Leak,"{""compressor_runtime_high"": 0, ""current_pressure_gap"": 0, ""low_pressure_switch_active"": 0, ""motor_current_high"": 0, ""motor_current_rising"": 0, ""oil_temp_rising"": 0, ""oil_temperature_high"": 1, ""pressure_drop_frequent"": 0, ""pressure_recovery_slow"": 0, ""pressure_recovery_steep"": 0, ""pressure_switch_abnormal"": 2, ""reservoir_pressure_low"": 0}",66.66,0.2,Oil Leak,0.131,Compressor control abnormality,0.7,abnormal,moderate,,1,evidence-rich-kb,1,evidence-aware,Compressor control abnormality,0.7,Oil Leak,0.131,llm_rejected_low_conf,2,2,strong
MetroPT,MetroPT Compressor,Air Leak_1,2022-06-04 10:24:21.839,2022-06-04 10:29:18.283,Air Leak,"{""compressor_runtime_high"": 0, ""current_pressure_gap"": 0, ""low_pressure_switch_active"": 0, ""motor_current_high"": 0, ""motor_current_rising"": 1, ""oil_temp_rising"": 0, ""oil_temperature_high"": 1, ""pressure_drop_frequent"": 0, ""pressure_recovery_slow"": 0, ""pressure_recovery_steep"": 0, ""pressure_switch_abnormal"": 2, ""reservoir_pressure_low"": 0}",66.66,0.2,Oil Leak,0.14,Oil Leak,0.85,abnormal,strong,,1,evidence-rich-kb,1,evidence-aware,Oil Leak,0.85,Oil Leak,0.85,expert_llm_agree,3,2,strong
MetroPT,MetroPT Compressor,Air Leak_2,2022-06-04 10:29:19.274,2022-06-04 10:34:15.582,Air Leak,"{""compressor_runtime_high"": 0, ""current_pressure_gap"": 0, ""low_pressure_switch_active"": 0, ""motor_current_high"": 0, ""motor_current_rising"": 0, ""oil_temp_rising"": 0, ""oil_temperature_high"": 2, ""pressure_drop_frequent"": 0, ""pressure_recovery_slow"": 0, ""pressure_recovery_steep"": 0, ""pressure_switch_abnormal"": 2, ""reservoir_pressure_low"": 0}",66.66,0.2,Air Leak,0.137,Air Leak,0.85,abnormal,strong,,1,evidence-rich-kb,1,evidence-aware,Air Leak,0.85,Air Leak,0.85,expert_llm_agree,2,2,strong
MetroPT,MetroPT Compressor,Air Leak_3,2022-06-04 10:34:16.575,2022-06-04 10:39:12.905,Air Leak,"{""compressor_runtime_high"": 0, ""current_pressure_gap"": 0, ""low_pressure_switch_active"": 0, ""motor_current_high"": 0, ""motor_current_rising"": 0, ""oil_temp_rising"": 0, ""oil_temperature_high"": 2, ""pressure_drop_frequent"": 0, ""pressure_recovery_slow"": 0, ""pressure_recovery_steep"": 0, ""pressure_switch_abnormal"": 2, ""reservoir_pressure_low"": 0}",66.66,0.2,Air Leak,0.137,Air Leak,0.9,abnormal,strong,,1,evidence-rich-kb,1,evidence-aware,Air Leak,0.9,Air Leak,0.9,expert_llm_agree,2,2,strong
MetroPT,MetroPT Compressor,Air Leak_4,2022-06-04 10:39:13.896,2022-06-04 10:44:10.228,Air Leak,"{""compressor_runtime_high"": 0, ""current_pressure_gap"": 0, ""low_pressure_switch_active"": 0, ""motor_current_high"": 0, ""motor_current_rising"": 0, ""oil_temp_rising"": 0, ""oil_temperature_high"": 1, ""pressure_drop_frequent"": 0, ""pressure_recovery_slow"": 0, ""pressure_recovery_steep"": 0, ""pressure_switch_abnormal"": 2, ""reservoir_pressure_low"": 0}",66.66,0.2,Oil Leak,0.131,Unknown,0.5,abnormal,moderate,,1,evidence-rich-kb,1,evidence-aware,Unknown,0.5,Oil Leak,0.131,llm_rejected_unknown,2,2,strong
MetroPT,MetroPT Compressor,Air Leak_5,2022-06-04 10:44:11.219,2022-06-04 10:49:07.541,Air Leak,"{""compressor_runtime_high"": 0, ""current_pressure_gap"": 0, ""low_pressure_switch_active"": 0, ""motor_current_high"": 0, ""motor_current_rising"": 1, ""oil_temp_rising"": 0, ""oil_temperature_high"": 1, ""pressure_drop_frequent"": 0, ""pressure_recovery_slow"": 1, ""pressure_recovery_steep"": 1, ""pressure_switch_abnormal"": 2, ""reservoir_pressure_low"": 0}",66.66,0.2,Oil Leak,0.121,Oil Leak,0.8,abnormal,strong,,1,evidence-rich-kb,1,evidence-aware,Oil Leak,0.8,Oil Leak,0.8,expert_llm_agree,5,2,strong
MetroPT,MetroPT Compressor,Air Leak_6,2022-06-04 10:49:08.532,2022-06-04 10:54:04.841,Air Leak,"{""compressor_runtime_high"": 0, ""current_pressure_gap"": 0, ""low_pressure_switch_active"": 0, ""motor_current_high"": 1, ""motor_current_rising"": 0, ""oil_temp_rising"": 2, ""oil_temperature_high"": 2, ""pressure_drop_frequent"": 0, ""pressure_recovery_slow"": 0, ""pressure_recovery_steep"": 0, ""pressure_switch_abnormal"": 2, ""reservoir_pressure_low"": 0}",66.66,0.2,Air Leak,0.091,Oil Leak,0.9,abnormal,strong,,1,evidence-rich-kb,1,evidence-aware,Oil Leak,0.9,Oil Leak,0.9,llm_override_strong,4,2,strong
MetroPT,MetroPT Compressor,Air Leak_7,2022-06-04 10:54:05.832,2022-06-04 10:59:02.123,Air Leak,"{""compressor_runtime_high"": 0, ""current_pressure_gap"": 0, ""low_pressure_switch_active"": 0, ""motor_current_high"": 1, ""motor_current_rising"": 0, ""oil_temp_rising"": 0, ""oil_temperature_high"": 2, ""pressure_drop_frequent"": 0, ""pressure_recovery_slow"": 0, ""pressure_recovery_steep"": 0, ""pressure_switch_abnormal"": 2, ""reservoir_pressure_low"": 0}",66.66,0.2,Air Leak,0.118,Air Leak,0.9,abnormal,strong,,1,evidence-rich-kb,1,evidence-aware,Air Leak,0.9,Air Leak,0.9,expert_llm_agree,3,2,strong
MetroPT,MetroPT Compressor,Air Leak_8,2022-06-04 10:59:03.113,2022-06-04 11:03:59.420,Air Leak,"{""compressor_runtime_high"": 0, ""current_pressure_gap"": 0, ""low_pressure_switch_active"": 0, ""motor_current_high"": 1, ""motor_current_rising"": 0, ""oil_temp_rising"": 0, ""oil_temperature_high"": 2, ""pressure_drop_frequent"": 0, ""pressure_recovery_slow"": 0, ""pressure_recovery_steep"": 0, ""pressure_switch_abnormal"": 2, ""reservoir_pressure_low"": 0}",66.66,0.2,Air Leak,0.118,Air Leak,0.9,abnormal,strong,,1,evidence-rich-kb,1,evidence-aware,Air Leak,0.9,Air Leak,0.9,expert_llm_agree,3,2,strong
MetroPT,MetroPT Compressor,Air Leak_9,2022-06-04 11:04:00.411,2022-06-04 11:08:56.731,Air Leak,"{""compressor_runtime_high"": 0, ""current_pressure_gap"": 0, ""low_pressure_switch_active"": 0, ""motor_current_high"": 1, ""motor_current_rising"": 0, ""oil_temp_rising"": 0, ""oil_temperature_high"": 2, ""pressure_drop_frequent"": 0, ""pressure_recovery_slow"": 0, ""pressure_recovery_steep"": 0, ""pressure_switch_abnormal"": 2, ""reservoir_pressure_low"": 0}",66.66,0.2,Air Leak,0.118,Air Leak,0.85,abnormal,strong,,1,evidence-rich-kb,1,evidence-aware,Air Leak,0.85,Air Leak,0.85,expert_llm_agree,3,2,strong
MetroPT,MetroPT Compressor,Air Leak_10,2022-06-04 11:08:57.722,2022-06-04 11:13:54.022,Air Leak,"{""compressor_runtime_high"": 0, ""current_pressure_gap"": 0, ""low_pressure_switch_active"": 0, ""motor_current_high"": 1, ""motor_current_rising"": 0, ""oil_temp_rising"": 0, ""oil_temperature_high"": 2, ""pressure_drop_frequent"": 0, ""pressure_recovery_slow"": 0, ""pressure_recovery_steep"": 0, ""pressure_switch_abnormal"": 2, ""reservoir_pressure_low"": 0}",66.66,0.2,Air Leak,0.118,Air Leak,0.85,abnormal,strong,,1,evidence-rich-kb,1,evidence-aware,Air Leak,0.85,Air Leak,0.85,expert_llm_agree,3,2,strong
MetroPT,MetroPT Compressor,Air Leak_11,2022-06-04 11:13:55.013,2022-06-04 11:18:51.348,Air Leak,"{""compressor_runtime_high"": 0, ""current_pressure_gap"": 0, ""low_pressure_switch_active"": 0, ""motor_current_high"": 1, ""motor_current_rising"": 0, ""oil_temp_rising"": 0, ""oil_temperature_high"": 2, ""pressure_drop_frequent"": 1, ""pressure_recovery_slow"": 1, ""pressure_recovery_steep"": 0, ""pressure_switch_abnormal"": 2, ""reservoir_pressure_low"": 1}",66.66,0.2,Air Leak,0.083,Air Leak,0.9,abnormal,strong,,1,evidence-rich-kb,1,evidence-aware,Air Leak,0.9,Air Leak,0.9,expert_llm_agree,6,2,strong
MetroPT,MetroPT Compressor,Air Leak_12,2022-06-04 11:18:52.340,2022-06-04 11:23:48.640,Air Leak,"{""compressor_runtime_high"": 0, ""current_pressure_gap"": 0, ""low_pressure_switch_active"": 0, ""motor_current_high"": 1, ""motor_current_rising"": 0, ""oil_temp_rising"": 0, ""oil_temperature_high"": 2, ""pressure_drop_frequent"": 1, ""pressure_recovery_slow"": 1, ""pressure_recovery_steep"": 0, ""pressure_switch_abnormal"": 2, ""reservoir_pressure_low"": 1}",66.66,0.2,Air Leak,0.083,Air Leak,0.9,abnormal,strong,,1,evidence-rich-kb,1,evidence-aware,Air Leak,0.9,Air Leak,0.9,expert_llm_agree,6,2,strong
MetroPT,MetroPT Compressor,Air Leak_13,2022-06-04 11:23:49.630,2022-06-04 11:28:45.914,Air Leak,"{""compressor_runtime_high"": 0, ""current_pressure_gap"": 0, ""low_pressure_switch_active"": 2, ""motor_current_high"": 0, ""motor_current_rising"": 0, ""oil_temp_rising"": 0, ""oil_temperature_high"": 2, ""pressure_drop_frequent"": 2, ""pressure_recovery_slow"": 2, ""pressure_recovery_steep"": 2, ""pressure_switch_abnormal"": 2, ""reservoir_pressure_low"": 2}",66.66,0.2,Air Leak,0.077,Air Leak,0.95,abnormal,strong,,1,evidence-rich-kb,1,evidence-aware,Air Leak,0.95,Air Leak,0.95,expert_llm_agree,7,2,strong
MetroPT,MetroPT Compressor,Air Leak_14,2022-06-04 11:28:46.904,2022-06-04 11:33:43.204,Air Leak,"{""compressor_runtime_high"": 0, ""current_pressure_gap"": 0, ""low_pressure_switch_active"": 2, ""motor_current_high"": 0, ""motor_current_rising"": 0, ""oil_temp_rising"": 0, ""oil_temperature_high"": 2, ""pressure_drop_frequent"": 2, ""pressure_recovery_slow"": 2, ""pressure_recovery_steep"": 1, ""pressure_switch_abnormal"": 2, ""reservoir_pressure_low"": 2}",66.66,0.2,Air Leak,0.077,Air Leak,0.95,abnormal,strong,,1,evidence-rich-kb,1,evidence-aware,Air Leak,0.95,Air Leak,0.95,expert_llm_agree,7,2,strong
MetroPT,MetroPT Compressor,Air Leak_15,2022-06-04 11:33:44.195,2022-06-04 11:38:40.494,Air Leak,"{""compressor_runtime_high"": 0, ""current_pressure_gap"": 0, ""low_pressure_switch_active"": 2, ""motor_current_high"": 0, ""motor_current_rising"": 0, ""oil_temp_rising"": 0, ""oil_temperature_high"": 2, ""pressure_drop_frequent"": 2, ""pressure_recovery_slow"": 2, ""pressure_recovery_steep"": 1, ""pressure_switch_abnormal"": 2, ""reservoir_pressure_low"": 2}",66.66,0.2,Air Leak,0.077,Air Leak,0.95,abnormal,strong,,1,evidence-rich-kb,1,evidence-aware,Air Leak,0.95,Air Leak,0.95,expert_llm_agree,7,2,strong
MetroPT,MetroPT Compressor,Air Leak_16,2022-06-04 11:38:41.485,2022-06-04 11:43:37.789,Air Leak,"{""compressor_runtime_high"": 0, ""current_pressure_gap"": 0, ""low_pressure_switch_active"": 2, ""motor_current_high"": 0, ""motor_current_rising"": 0, ""oil_temp_rising"": 0, ""oil_temperature_high"": 2, ""pressure_drop_frequent"": 2, ""pressure_recovery_slow"": 2, ""pressure_recovery_steep"": 0, ""pressure_switch_abnormal"": 2, ""reservoir_pressure_low"": 2}",66.66,0.2,Air Leak,0.087,Air Leak,0.9,abnormal,strong,,1,evidence-rich-kb,1,evidence-aware,Air Leak,0.9,Air Leak,0.9,expert_llm_agree,6,2,strong
MetroPT,MetroPT Compressor,Air Leak_17,2022-06-04 11:43:38.780,2022-06-04 11:48:35.083,Air Leak,"{""compressor_runtime_high"": 0, ""current_pressure_gap"": 0, ""low_pressure_switch_active"": 2, ""motor_current_high"": 0, ""motor_current_rising"": 0, ""oil_temp_rising"": 0, ""oil_temperature_high"": 2, ""pressure_drop_frequent"": 2, ""pressure_recovery_slow"": 2, ""pressure_recovery_steep"": 0, ""pressure_switch_abnormal"": 2, ""reservoir_pressure_low"": 2}",66.66,0.2,Air Leak,0.087,Air Leak,0.95,abnormal,strong,,1,evidence-rich-kb,1,evidence-aware,Air Leak,0.95,Air Leak,0.95,expert_llm_agree,6,2,strong
MetroPT,MetroPT Compressor,Air Leak_18,2022-06-04 11:48:36.074,2022-06-04 11:53:32.404,Air Leak,"{""compressor_runtime_high"": 0, ""current_pressure_gap"": 0, ""low_pressure_switch_active"": 2, ""motor_current_high"": 0, ""motor_current_rising"": 0, ""oil_temp_rising"": 0, ""oil_temperature_high"": 2, ""pressure_drop_frequent"": 2, ""pressure_recovery_slow"": 2, ""pressure_recovery_steep"": 0, ""pressure_switch_abnormal"": 2, ""reservoir_pressure_low"": 2}",66.66,0.2,Air Leak,0.087,Air Leak,0.95,abnormal,strong,,1,evidence-rich-kb,1,evidence-aware,Air Leak,0.95,Air Leak,0.95,expert_llm_agree,6,2,strong
MetroPT,MetroPT Compressor,Air Leak_19,2022-06-04 11:53:33.395,2022-06-04 11:58:29.727,Air Leak,"{""compressor_runtime_high"": 0, ""current_pressure_gap"": 0, ""low_pressure_switch_active"": 2, ""motor_current_high"": 0, ""motor_current_rising"": 0, ""oil_temp_rising"": 0, ""oil_temperature_high"": 2, ""pressure_drop_frequent"": 2, ""pressure_recovery_slow"": 2, ""pressure_recovery_steep"": 0, ""pressure_switch_abnormal"": 2, ""reservoir_pressure_low"": 2}",66.66,0.2,Air Leak,0.087,Air Leak,0.95,abnormal,strong,,1,evidence-rich-kb,1,evidence-aware,Air Leak,0.95,Air Leak,0.95,expert_llm_agree,6,2,strong
MetroPT,MetroPT Compressor,Oil Leak_0,2022-07-11 10:10:19.843,2022-07-11 10:15:16.170,Oil Leak,"{""compressor_runtime_high"": 0, ""current_pressure_gap"": 0, ""low_pressure_switch_active"": 0, ""motor_current_high"": 0, ""motor_current_rising"": 0, ""oil_temp_rising"": 0, ""oil_temperature_high"": 1, ""pressure_drop_frequent"": 0, ""pressure_recovery_slow"": 0, ""pressure_recovery_steep"": 0, ""pressure_switch_abnormal"": 2, ""reservoir_pressure_low"": 0}",66.66,0.2,Oil Leak,0.131,Compressor control abnormality,0.6,abnormal,moderate,,1,evidence-rich-kb,1,evidence-aware,Compressor control abnormality,0.6,Oil Leak,0.131,llm_rejected_low_conf,2,2,strong
MetroPT,MetroPT Compressor,Oil Leak_1,2022-07-11 10:15:17.161,2022-07-11 10:20:13.493,Oil Leak,"{""compressor_runtime_high"": 0, ""current_pressure_gap"": 0, ""low_pressure_switch_active"": 0, ""motor_current_high"": 0, ""motor_current_rising"": 0, ""oil_temp_rising"": 0, ""oil_temperature_high"": 0, ""pressure_drop_frequent"": 0, ""pressure_recovery_slow"": 0, ""pressure_recovery_steep"": 0, ""pressure_switch_abnormal"": 2, ""reservoir_pressure_low"": 0}",66.66,0.2,Oil Leak,0.133,Compressor control abnormality,0.7,abnormal,moderate,,1,evidence-rich-kb,1,evidence-aware,Compressor control abnormality,0.7,Oil Leak,0.133,llm_rejected_low_conf,1,2,strong
MetroPT,MetroPT Compressor,Oil Leak_2,2022-07-11 10:20:14.484,2022-07-11 10:25:10.813,Oil Leak,"{""compressor_runtime_high"": 0, ""current_pressure_gap"": 0, ""low_pressure_switch_active"": 0, ""motor_current_high"": 0, ""motor_current_rising"": 0, ""oil_temp_rising"": 0, ""oil_temperature_high"": 0, ""pressure_drop_frequent"": 0, ""pressure_recovery_slow"": 0, ""pressure_recovery_steep"": 0, ""pressure_switch_abnormal"": 2, ""reservoir_pressure_low"": 0}",66.66,0.2,Oil Leak,0.133,Oil Leak,0.65,abnormal,moderate,,1,evidence-rich-kb,1,evidence-aware,Oil Leak,0.65,Oil Leak,0.65,expert_llm_agree,1,2,strong
MetroPT,MetroPT Compressor,Oil Leak_3,2022-07-11 10:25:11.804,2022-07-11 10:30:08.105,Oil Leak,"{""compressor_runtime_high"": 0, ""current_pressure_gap"": 0, ""low_pressure_switch_active"": 0, ""motor_current_high"": 1, ""motor_current_rising"": 1, ""oil_temp_rising"": 1, ""oil_temperature_high"": 1, ""pressure_drop_frequent"": 0, ""pressure_recovery_slow"": 0, ""pressure_recovery_steep"": 0, ""pressure_switch_abnormal"": 2, ""reservoir_pressure_low"": 0}",66.66,0.2,Oil Leak,0.1,Oil Leak,0.9,abnormal,strong,,1,evidence-rich-kb,1,evidence-aware,Oil Leak,0.9,Oil Leak,0.9,expert_llm_agree,5,2,strong
MetroPT,MetroPT Compressor,Oil Leak_4,2022-07-11 10:30:09.096,2022-07-11 10:35:05.394,Oil Leak,"{""compressor_runtime_high"": 0, ""current_pressure_gap"": 0, ""low_pressure_switch_active"": 0, ""motor_current_high"": 0, ""motor_current_rising"": 0, ""oil_temp_rising"": 0, ""oil_temperature_high"": 1, ""pressure_drop_frequent"": 0, ""pressure_recovery_slow"": 0, ""pressure_recovery_steep"": 0, ""pressure_switch_abnormal"": 2, ""reservoir_pressure_low"": 0}",66.66,0.2,Oil Leak,0.131,Compressor control abnormality,0.75,abnormal,moderate,,1,evidence-rich-kb,1,evidence-aware,Compressor control abnormality,0.75,Compressor control abnormality,0.75,llm_override_strong,2,2,strong
MetroPT,MetroPT Compressor,Oil Leak_5,2022-07-11 10:35:06.385,2022-07-11 10:40:02.699,Oil Leak,"{""compressor_runtime_high"": 0, ""current_pressure_gap"": 0, ""low_pressure_switch_active"": 0, ""motor_current_high"": 0, ""motor_current_rising"": 1, ""oil_temp_rising"": 0, ""oil_temperature_high"": 1, ""pressure_drop_frequent"": 0, ""pressure_recovery_slow"": 0, ""pressure_recovery_steep"": 0, ""pressure_switch_abnormal"": 2, ""reservoir_pressure_low"": 0}",66.66,0.2,Oil Leak,0.14,Oil Leak,0.85,abnormal,strong,,1,evidence-rich-kb,1,evidence-aware,Oil Leak,0.85,Oil Leak,0.85,expert_llm_agree,3,2,strong
MetroPT,MetroPT Compressor,Oil Leak_6,2022-07-11 10:40:03.689,2022-07-11 10:44:59.979,Oil Leak,"{""compressor_runtime_high"": 0, ""current_pressure_gap"": 0, ""low_pressure_switch_active"": 0, ""motor_current_high"": 0, ""motor_current_rising"": 0, ""oil_temp_rising"": 0, ""oil_temperature_high"": 1, ""pressure_drop_frequent"": 0, ""pressure_recovery_slow"": 0, ""pressure_recovery_steep"": 0, ""pressure_switch_abnormal"": 2, ""reservoir_pressure_low"": 0}",66.66,0.2,Oil Leak,0.131,Compressor control abnormality,0.65,abnormal,moderate,,1,evidence-rich-kb,1,evidence-aware,Compressor control abnormality,0.65,Oil Leak,0.131,llm_rejected_low_conf,2,2,strong
MetroPT,MetroPT Compressor,Oil Leak_7,2022-07-11 10:45:00.970,2022-07-11 10:49:57.256,Oil Leak,"{""compressor_runtime_high"": 0, ""current_pressure_gap"": 0, ""low_pressure_switch_active"": 0, ""motor_current_high"": 0, ""motor_current_rising"": 0, ""oil_temp_rising"": 0, ""oil_temperature_high"": 1, ""pressure_drop_frequent"": 0, ""pressure_recovery_slow"": 1, ""pressure_recovery_steep"": 1, ""pressure_switch_abnormal"": 2, ""reservoir_pressure_low"": 0}",66.66,0.2,Oil Leak,0.157,Oil Leak,0.85,abnormal,strong,,1,evidence-rich-kb,1,evidence-aware,Oil Leak,0.85,Oil Leak,0.85,expert_llm_agree,4,2,strong
MetroPT,MetroPT Compressor,Oil Leak_8,2022-07-11 10:49:58.247,2022-07-11 10:54:54.537,Oil Leak,"{""compressor_runtime_high"": 0, ""current_pressure_gap"": 0, ""low_pressure_switch_active"": 0, ""motor_current_high"": 0, ""motor_current_rising"": 0, ""oil_temp_rising"": 0, ""oil_temperature_high"": 1, ""pressure_drop_frequent"": 0, ""pressure_recovery_slow"": 0, ""pressure_recovery_steep"": 0, ""pressure_switch_abnormal"": 2, ""reservoir_pressure_low"": 0}",66.66,0.2,Oil Leak,0.131,Compressor control abnormality,0.65,abnormal,moderate,,1,evidence-rich-kb,1,evidence-aware,Compressor control abnormality,0.65,Oil Leak,0.131,llm_rejected_low_conf,2,2,strong
MetroPT,MetroPT Compressor,Oil Leak_9,2022-07-11 10:54:55.528,2022-07-11 10:59:51.842,Oil Leak,"{""compressor_runtime_high"": 0, ""current_pressure_gap"": 0, ""low_pressure_switch_active"": 0, ""motor_current_high"": 0, ""motor_current_rising"": 1, ""oil_temp_rising"": 1, ""oil_temperature_high"": 1, ""pressure_drop_frequent"": 0, ""pressure_recovery_slow"": 0, ""pressure_recovery_steep"": 0, ""pressure_switch_abnormal"": 2, ""reservoir_pressure_low"": 0}",66.66,0.2,Oil Leak,0.129,Oil Leak,0.8,abnormal,strong,,1,evidence-rich-kb,1,evidence-aware,Oil Leak,0.8,Oil Leak,0.8,expert_llm_agree,4,2,strong
MetroPT,MetroPT Compressor,Oil Leak_10,2022-07-11 10:59:52.833,2022-07-11 11:04:49.134,Oil Leak,"{""compressor_runtime_high"": 0, ""current_pressure_gap"": 0, ""low_pressure_switch_active"": 0, ""motor_current_high"": 0, ""motor_current_rising"": 0, ""oil_temp_rising"": 0, ""oil_temperature_high"": 1, ""pressure_drop_frequent"": 0, ""pressure_recovery_slow"": 1, ""pressure_recovery_steep"": 1, ""pressure_switch_abnormal"": 2, ""reservoir_pressure_low"": 0}",66.66,0.2,Oil Leak,0.157,Oil Leak,0.85,abnormal,strong,,1,evidence-rich-kb,1,evidence-aware,Oil Leak,0.85,Oil Leak,0.85,expert_llm_agree,4,2,strong
MetroPT,MetroPT Compressor,Oil Leak_11,2022-07-11 11:04:50.125,2022-07-11 11:09:46.419,Oil Leak,"{""compressor_runtime_high"": 0, ""current_pressure_gap"": 0, ""low_pressure_switch_active"": 0, ""motor_current_high"": 0, ""motor_current_rising"": 0, ""oil_temp_rising"": 0, ""oil_temperature_high"": 0, ""pressure_drop_frequent"": 0, ""pressure_recovery_slow"": 0, ""pressure_recovery_steep"": 0, ""pressure_switch_abnormal"": 2, ""reservoir_pressure_low"": 0}",66.66,0.2,Oil Leak,0.133,Oil Leak,0.6,abnormal,moderate,,1,evidence-rich-kb,1,evidence-aware,Oil Leak,0.6,Oil Leak,0.6,expert_llm_agree,1,2,strong
MetroPT,MetroPT Compressor,Oil Leak_12,2022-07-11 11:09:47.410,2022-07-11 11:14:43.735,Oil Leak,"{""compressor_runtime_high"": 0, ""current_pressure_gap"": 0, ""low_pressure_switch_active"": 0, ""motor_current_high"": 0, ""motor_current_rising"": 0, ""oil_temp_rising"": 0, ""oil_temperature_high"": 0, ""pressure_drop_frequent"": 0, ""pressure_recovery_slow"": 0, ""pressure_recovery_steep"": 0, ""pressure_switch_abnormal"": 2, ""reservoir_pressure_low"": 0}",66.66,0.2,Oil Leak,0.133,Oil Leak,0.7,abnormal,moderate,,1,evidence-rich-kb,1,evidence-aware,Oil Leak,0.7,Oil Leak,0.7,expert_llm_agree,1,2,strong
MetroPT,MetroPT Compressor,Oil Leak_13,2022-07-11 11:14:44.726,2022-07-11 11:19:41.065,Oil Leak,"{""compressor_runtime_high"": 0, ""current_pressure_gap"": 0, ""low_pressure_switch_active"": 0, ""motor_current_high"": 0, ""motor_current_rising"": 0, ""oil_temp_rising"": 0, ""oil_temperature_high"": 0, ""pressure_drop_frequent"": 0, ""pressure_recovery_slow"": 0, ""pressure_recovery_steep"": 0, ""pressure_switch_abnormal"": 2, ""reservoir_pressure_low"": 0}",66.66,0.2,Oil Leak,0.133,Oil Leak,0.7,abnormal,moderate,,1,evidence-rich-kb,1,evidence-aware,Oil Leak,0.7,Oil Leak,0.7,expert_llm_agree,1,2,strong
MetroPT,MetroPT Compressor,Oil Leak_14,2022-07-11 11:19:42.056,2022-07-11 11:24:38.392,Oil Leak,"{""compressor_runtime_high"": 0, ""current_pressure_gap"": 0, ""low_pressure_switch_active"": 0, ""motor_current_high"": 0, ""motor_current_rising"": 0, ""oil_temp_rising"": 0, ""oil_temperature_high"": 0, ""pressure_drop_frequent"": 0, ""pressure_recovery_slow"": 0, ""pressure_recovery_steep"": 0, ""pressure_switch_abnormal"": 2, ""reservoir_pressure_low"": 0}",66.66,0.2,Oil Leak,0.133,Oil Leak,0.7,abnormal,moderate,,1,evidence-rich-kb,1,evidence-aware,Oil Leak,0.7,Oil Leak,0.7,expert_llm_agree,1,2,strong
MetroPT,MetroPT Compressor,Oil Leak_15,2022-07-11 11:24:39.383,2022-07-11 11:29:35.843,Oil Leak,"{""compressor_runtime_high"": 0, ""current_pressure_gap"": 0, ""low_pressure_switch_active"": 0, ""motor_current_high"": 0, ""motor_current_rising"": 0, ""oil_temp_rising"": 0, ""oil_temperature_high"": 0, ""pressure_drop_frequent"": 0, ""pressure_recovery_slow"": 0, ""pressure_recovery_steep"": 0, ""pressure_switch_abnormal"": 2, ""reservoir_pressure_low"": 0}",66.66,0.2,Oil Leak,0.133,Compressor control abnormality,0.7,abnormal,moderate,,1,evidence-rich-kb,1,evidence-aware,Compressor control abnormality,0.7,Oil Leak,0.133,llm_rejected_low_conf,1,2,strong
MetroPT,MetroPT Compressor,Oil Leak_16,2022-07-11 11:29:36.835,2022-07-11 11:34:33.386,Oil Leak,"{""compressor_runtime_high"": 0, ""current_pressure_gap"": 0, ""low_pressure_switch_active"": 0, ""motor_current_high"": 0, ""motor_current_rising"": 1, ""oil_temp_rising"": 0, ""oil_temperature_high"": 0, ""pressure_drop_frequent"": 0, ""pressure_recovery_slow"": 0, ""pressure_recovery_steep"": 0, ""pressure_switch_abnormal"": 2, ""reservoir_pressure_low"": 0}",66.66,0.2,Oil Leak,0.192,Oil Leak,0.75,abnormal,strong,,1,evidence-rich-kb,1,evidence-aware,Oil Leak,0.75,Oil Leak,0.75,expert_llm_agree,2,2,strong
MetroPT,MetroPT Compressor,Oil Leak_17,2022-07-11 11:34:34.380,2022-07-11 11:39:30.820,Oil Leak,"{""compressor_runtime_high"": 0, ""current_pressure_gap"": 0, ""low_pressure_switch_active"": 0, ""motor_current_high"": 0, ""motor_current_rising"": 0, ""oil_temp_rising"": 0, ""oil_temperature_high"": 0, ""pressure_drop_frequent"": 0, ""pressure_recovery_slow"": 0, ""pressure_recovery_steep"": 0, ""pressure_switch_abnormal"": 2, ""reservoir_pressure_low"": 0}",66.66,0.2,Oil Leak,0.133,Oil Leak,0.75,abnormal,strong,,1,evidence-rich-kb,1,evidence-aware,Oil Leak,0.75,Oil Leak,0.75,expert_llm_agree,1,2,strong
MetroPT,MetroPT Compressor,Oil Leak_18,2022-07-11 11:39:31.811,2022-07-11 11:44:28.148,Oil Leak,"{""compressor_runtime_high"": 0, ""current_pressure_gap"": 0, ""low_pressure_switch_active"": 0, ""motor_current_high"": 0, ""motor_current_rising"": 1, ""oil_temp_rising"": 2, ""oil_temperature_high"": 0, ""pressure_drop_frequent"": 0, ""pressure_recovery_slow"": 0, ""pressure_recovery_steep"": 0, ""pressure_switch_abnormal"": 2, ""reservoir_pressure_low"": 0}",66.66,0.2,Oil Leak,0.182,Oil Leak,0.85,abnormal,strong,,1,evidence-rich-kb,1,evidence-aware,Oil Leak,0.85,Oil Leak,0.85,expert_llm_agree,3,2,strong
MetroPT,MetroPT Compressor,Oil Leak_19,2022-07-11 11:44:29.141,2022-07-11 11:49:25.711,Oil Leak,"{""compressor_runtime_high"": 0, ""current_pressure_gap"": 0, ""low_pressure_switch_active"": 0, ""motor_current_high"": 0, ""motor_current_rising"": 0, ""oil_temp_rising"": 0, ""oil_temperature_high"": 0, ""pressure_drop_frequent"": 0, ""pressure_recovery_slow"": 2, ""pressure_recovery_steep"": 2, ""pressure_switch_abnormal"": 2, ""reservoir_pressure_low"": 0}",66.66,0.2,Oil Leak,0.17,Oil Leak,0.95,abnormal,strong,,1,evidence-rich-kb,1,evidence-aware,Oil Leak,0.95,Oil Leak,0.95,expert_llm_agree,3,2,strong
