idx,equipment,true_fault,sample_type,expert_fault,expert_conf,real_llm_fault,real_llm_confidence,hybrid_fault,hybrid_conf,prompt_mode,abnormal_summary,llm_error,llm_rationale
1,Vacuum Machine,Power unit energy anomaly - motor or impeller degradation,fault,Power unit energy anomaly - motor or impeller degradation,1.0,Power unit energy anomaly - motor or impeller degradation,0.87,Power unit energy anomaly - motor or impeller degradation,1.0,rule-guided,"[{""parameter"": ""motor_current"", ""value"": 11.0023, ""violations"": [{""condition"": ""> 8"", ""direction"": ""high""}]}, {""parameter"": ""power_consumption"", ""value"": 35.2052, ""violations"": [{""condition"": ""> 15"", ""direction"": ""high""}, {""condition"": ""> 30"", ""direction"": ""high""}]}, {""parameter"": ""production_rate"", ""value"": 93.754, ""violations"": [{""condition"": ""> 40"", ""direction"": ""high""}]}]",,"motor_current (11.00) violates >8 (high), power_consumption (35.21) violates both >15 and >30 (high), production_rate (93.75) violates >40 (high). This matches the pattern for Power unit energy anomaly (power_consumption >30 + production_rate >40)."
2,Water Supply,High water temperature - possible heat exchanger fouling,fault,High water temperature - possible heat exchanger fouling,1.0,High water temperature - possible heat exchanger fouling,0.5,High water temperature - possible heat exchanger fouling,1.0,rule-guided,"[{""parameter"": ""temperature"", ""value"": 57.5531, ""violations"": [{""condition"": ""> 45"", ""direction"": ""high""}]}]",,Temperature (57.55°C) exceeds >45°C threshold. No other parameters violate thresholds. This directly matches the 'High water temperature' fault pattern. Confidence moderate-low due to single abnormal parameter.
3,Water Supply,High water temperature - possible heat exchanger fouling,fault,High water temperature - possible heat exchanger fouling,1.0,High water temperature - possible heat exchanger fouling,0.9,High water temperature - possible heat exchanger fouling,1.0,rule-guided,"[{""parameter"": ""flow_rate"", ""value"": 1.3811, ""violations"": [{""condition"": ""< 5"", ""direction"": ""low""}]}, {""parameter"": ""pump_current"", ""value"": 20.0346, ""violations"": [{""condition"": ""> 20"", ""direction"": ""high""}]}, {""parameter"": ""temperature"", ""value"": 58.7594, ""violations"": [{""condition"": ""> 45"", ""direction"": ""high""}]}]",,"Temperature 58.76 exceeds threshold >45, directly matching the anchor for high water temperature fault. Flow rate (1.38 <5) and pump current (20.03 >20) are also abnormal but do not form a complete pattern for other listed faults; the temperature violation is the most specific and decisive evidence."
4,Power Distribution,Low power factor - excessive reactive power consumption,fault,Low power factor - excessive reactive power consumption,1.0,Low power factor - excessive reactive power consumption,0.85,Low power factor - excessive reactive power consumption,1.0,rule-guided,"[{""parameter"": ""current"", ""value"": 68.5932, ""violations"": [{""condition"": ""> 50"", ""direction"": ""high""}]}, {""parameter"": ""power_factor"", ""value"": 0.7199, ""violations"": [{""condition"": ""< 0.75"", ""direction"": ""low""}]}, {""parameter"": ""voltage"", ""value"": 194.5067, ""violations"": [{""condition"": ""< 210"", ""direction"": ""low""}]}]",,"Power factor (0.72) is below the <0.75 threshold. Voltage (194.5V) is below <210, and current (68.6A) is above >50, which are consistent with excessive reactive power drawing higher current and causing voltage drop. No other fault patterns fully match."
5,HVAC,Air filter blockage - increased airway resistance,fault,Air filter blockage - increased airway resistance,1.0,Air filter blockage - increased airway resistance,0.87,Air filter blockage - increased airway resistance,1.0,rule-guided,"[{""parameter"": ""fan_power"", ""value"": 4.093, ""violations"": [{""condition"": ""> 3.5"", ""direction"": ""high""}]}, {""parameter"": ""supply_temp"", ""value"": 24.5013, ""violations"": [{""condition"": ""> 22"", ""direction"": ""high""}, {""condition"": ""> 24"", ""direction"": ""high""}]}]",,"fan_power (4.09) exceeds high threshold of 3.5 and supply_temp (24.5) exceeds high threshold of 22, matching the air filter blockage fault pattern."
6,Air Compressor,Discharge overheating - cooler fouling or lubrication degradation,fault,Discharge overheating - cooler fouling or lubrication degradation,0.494,Discharge overheating - cooler fouling or lubrication degradation,0.92,Discharge overheating - cooler fouling or lubrication degradation,0.494,rule-guided,"[{""parameter"": ""discharge_pressure"", ""value"": 131.3318, ""violations"": [{""condition"": ""> 100"", ""direction"": ""high""}]}, {""parameter"": ""motor_current"", ""value"": 44.6624, ""violations"": [{""condition"": ""> 35"", ""direction"": ""high""}, {""condition"": ""> 40"", ""direction"": ""high""}]}, {""parameter"": ""temperature"", ""value"": 95.3342, ""violations"": [{""condition"": ""> 85"", ""direction"": ""high""}, {""condition"": ""> 90"", ""direction"": ""high""}]}]",,"Discharge pressure 131.33 > 100 (high), temperature 95.33 > 90 (high), and motor current 44.66 > 40 (high). Three parameters violate thresholds, strongly matching discharge overheating pattern. Severity and number of violations support high confidence."
7,Vacuum Machine,Idle running or production sensor fault - interlock logic issue,fault,Idle running or production sensor fault - interlock logic issue,1.0,Idle running or production sensor fault - interlock logic issue,0.85,Idle running or production sensor fault - interlock logic issue,1.0,rule-guided,"[{""parameter"": ""motor_current"", ""value"": 8.9034, ""violations"": [{""condition"": ""> 8"", ""direction"": ""high""}]}, {""parameter"": ""power_consumption"", ""value"": 15.1997, ""violations"": [{""condition"": ""> 15"", ""direction"": ""high""}]}, {""parameter"": ""production_rate"", ""value"": 11.9667, ""violations"": [{""condition"": ""< 15"", ""direction"": ""low""}]}]",,"motor_current (8.90, >8) high, power_consumption (15.20, >15) high, and production_rate (11.97, <15) low. These match the pattern for Idle running or production sensor fault - interlock logic issue (power_consumption>15 and production_rate<15)."
8,Vacuum Machine,Motor overload - possible bearing wear,fault,Motor overload - possible bearing wear,1.0,Motor overload - possible bearing wear,0.5,Motor overload - possible bearing wear,1.0,rule-guided,"[{""parameter"": ""motor_current"", ""value"": 14.0069, ""violations"": [{""condition"": ""> 8"", ""direction"": ""high""}, {""condition"": ""> 12"", ""direction"": ""high""}]}]",,"Motor current (14.01 A) exceeds the >12 A threshold, indicating motor overload. Other parameters are within normal limits, so only one abnormal parameter was detected, resulting in low confidence."
9,Boiler,Poor steam quality - possible priming or carryover,fault,Poor steam quality - possible priming or carryover,1.0,Poor steam quality - possible priming or carryover,0.65,Poor steam quality - possible priming or carryover,1.0,rule-guided,"[{""parameter"": ""pressure"", ""value"": 36.2994, ""violations"": [{""condition"": ""< 40"", ""direction"": ""low""}, {""condition"": ""< 50"", ""direction"": ""low""}]}, {""parameter"": ""temperature"", ""value"": 100.0, ""violations"": [{""condition"": ""< 120"", ""direction"": ""low""}, {""condition"": ""< 150"", ""direction"": ""low""}, {""condition"": ""< 160"", ""direction"": ""low""}]}]",,"Pressure (36.3) is below 40 and 50 thresholds (abnormally low), and temperature (100) is below 120, 150, 160 thresholds (abnormally low). This matches the Poor steam quality pattern (pressure < 50 and temperature < 150). No other parameters are abnormal. Two abnormal parameters indicate moderate confidence."
10,Air Compressor,Internal or pipeline leakage - low gas-to-electricity ratio,fault,Internal or pipeline leakage - low gas-to-electricity ratio,1.0,Internal or pipeline leakage - low gas-to-electricity ratio,0.86,Internal or pipeline leakage - low gas-to-electricity ratio,1.0,rule-guided,"[{""parameter"": ""discharge_pressure"", ""value"": 89.537, ""violations"": [{""condition"": ""< 90"", ""direction"": ""low""}]}, {""parameter"": ""gas_production"", ""value"": 4.972, ""violations"": [{""condition"": ""< 5"", ""direction"": ""low""}]}, {""parameter"": ""motor_current"", ""value"": 47.519, ""violations"": [{""condition"": ""> 35"", ""direction"": ""high""}, {""condition"": ""> 40"", ""direction"": ""high""}]}]",,"Discharge pressure 89.54 (low, <90), gas production 4.97 (low, <5), motor current 47.52 (high, >35 and >40). These three violations match the internal or pipeline leakage pattern."
11,Power Distribution,Severe three-phase current imbalance - possible winding fault,fault,Severe three-phase current imbalance - possible winding fault,0.53,Severe three-phase current imbalance - possible winding fault,0.87,Severe three-phase current imbalance - possible winding fault,0.53,rule-guided,"[{""parameter"": ""current"", ""value"": 69.2937, ""violations"": [{""condition"": ""> 50"", ""direction"": ""high""}]}, {""parameter"": ""phase_imbalance"", ""value"": 22.0718, ""violations"": [{""condition"": ""> 15"", ""direction"": ""high""}]}, {""parameter"": ""power_factor"", ""value"": 0.6407, ""violations"": [{""condition"": ""< 0.75"", ""direction"": ""low""}]}, {""parameter"": ""voltage"", ""value"": 218.0954, ""violations"": [{""condition"": ""> 200"", ""direction"": ""high""}]}]",,"Current (69.3 A) exceeds >50 A threshold and phase imbalance (22.1%) exceeds >15% threshold, directly matching the severe three-phase imbalance pattern. Voltage (218.1 V) also exceeds >200 V and power factor (0.64) is below <0.75, but these are less specific to the primary fault."
12,Air Compressor,Discharge overheating - cooler fouling or lubrication degradation,fault,Discharge overheating - cooler fouling or lubrication degradation,0.494,Motor overload - possible bearing wear or mechanical friction,0.9,Discharge overheating - cooler fouling or lubrication degradation,0.494,rule-guided,"[{""parameter"": ""discharge_pressure"", ""value"": 102.9978, ""violations"": [{""condition"": ""> 100"", ""direction"": ""high""}]}, {""parameter"": ""motor_current"", ""value"": 50.0, ""violations"": [{""condition"": ""> 35"", ""direction"": ""high""}, {""condition"": ""> 40"", ""direction"": ""high""}]}, {""parameter"": ""temperature"", ""value"": 100.0, ""violations"": [{""condition"": ""> 85"", ""direction"": ""high""}, {""condition"": ""> 90"", ""direction"": ""high""}]}]",,"Motor current (50) exceeds both thresholds (>35, >40) and temperature (100) exceeds both (>85, >90), matching the motor overload pattern. Discharge pressure (102.99) is also high (>100), indicating system strain consistent with this fault."
13,Chiller,Condenser fouling - scale or biofilm reducing heat transfer,fault,Condenser fouling - scale or biofilm reducing heat transfer,1.0,Condenser fouling - scale or biofilm reducing heat transfer,0.88,Condenser fouling - scale or biofilm reducing heat transfer,1.0,rule-guided,"[{""parameter"": ""chilled_water_out_temp"", ""value"": 13.8641, ""violations"": [{""condition"": ""> 12"", ""direction"": ""high""}]}, {""parameter"": ""compressor_current"", ""value"": 22.8327, ""violations"": [{""condition"": ""> 18"", ""direction"": ""high""}, {""condition"": ""> 20"", ""direction"": ""high""}]}, {""parameter"": ""coolant_flow"", ""value"": 12.9622, ""violations"": [{""condition"": ""> 12"", ""direction"": ""high""}]}, {""parameter"": ""cooling_water_in_temp"", ""value"": 26.3791, ""violations"": [{""condition"": ""< 32"", ""direction"": ""low""}]}]",,"compressor_current (22.83 > 18), coolant_flow (12.96 > 12), and cooling_water_in_temp (26.38 < 32) all violate thresholds, matching the Condenser fouling pattern. Multiple parameter violations indicate high confidence."
14,Vacuum Machine,Insufficient vacuum - possible system leak,fault,Motor overload - possible bearing wear,0.506,Insufficient vacuum - possible system leak,0.65,Motor overload - possible bearing wear,0.506,rule-guided,"[{""parameter"": ""motor_current"", ""value"": 12.535, ""violations"": [{""condition"": ""> 8"", ""direction"": ""high""}, {""condition"": ""> 12"", ""direction"": ""high""}]}, {""parameter"": ""vacuum_level"", ""value"": -187.4595, ""violations"": [{""condition"": ""> -200"", ""direction"": ""high""}]}]",,"Vacuum level at -187.46 kPa is above the -200 kPa threshold (weak vacuum), and motor current at 12.54 A exceeds both the 8 A and 12 A thresholds. Combined, these match the Insufficient vacuum pattern. No other parameters abnormal."
15,Chiller,Cooling tower malfunction - fan failure or fill fouling,fault,Cooling tower malfunction - fan failure or fill fouling,1.0,Cooling tower malfunction - fan failure or fill fouling,0.87,Cooling tower malfunction - fan failure or fill fouling,1.0,rule-guided,"[{""parameter"": ""compressor_current"", ""value"": 23.7448, ""violations"": [{""condition"": ""> 18"", ""direction"": ""high""}, {""condition"": ""> 20"", ""direction"": ""high""}]}, {""parameter"": ""coolant_flow"", ""value"": 22.6765, ""violations"": [{""condition"": ""> 12"", ""direction"": ""high""}]}, {""parameter"": ""cooling_water_in_temp"", ""value"": 37.1905, ""violations"": [{""condition"": ""> 35"", ""direction"": ""high""}]}]",,"Compressor current (23.74) > 20, cooling water inlet temperature (37.19) > 35, and coolant flow (22.68) > 12 violate thresholds. These match the pattern for cooling tower malfunction, indicating fan failure or fill fouling. Chilled water outlet temperature is normal, ruling out refrigerant leak."
16,Power Distribution,Low power factor - excessive reactive power consumption,fault,Low power factor - excessive reactive power consumption,1.0,Low power factor - excessive reactive power consumption,0.84,Low power factor - excessive reactive power consumption,1.0,rule-guided,"[{""parameter"": ""current"", ""value"": 130.5119, ""violations"": [{""condition"": ""> 50"", ""direction"": ""high""}]}, {""parameter"": ""power_factor"", ""value"": 0.6883, ""violations"": [{""condition"": ""< 0.75"", ""direction"": ""low""}]}, {""parameter"": ""voltage"", ""value"": 203.0114, ""violations"": [{""condition"": ""< 210"", ""direction"": ""low""}, {""condition"": ""> 200"", ""direction"": ""high""}]}]",,Power factor 0.688 violates <0.75 (low); current 130.5 violates >50 (high); voltage 203 violates <210 (low) and >200 (high). Only the Low power factor fault pattern matches directly. The high current and undervoltage are consistent with heavy reactive load but do not meet the thresholds for other faults. Confidence set to base confidence for this fault since it is the only matching pattern.
17,Vacuum Machine,Idle running or production sensor fault - interlock logic issue,fault,Idle running or production sensor fault - interlock logic issue,1.0,Idle running or production sensor fault - interlock logic issue,0.65,Idle running or production sensor fault - interlock logic issue,1.0,rule-guided,"[{""parameter"": ""power_consumption"", ""value"": 20.9934, ""violations"": [{""condition"": ""> 15"", ""direction"": ""high""}]}, {""parameter"": ""production_rate"", ""value"": 10.653, ""violations"": [{""condition"": ""< 15"", ""direction"": ""low""}]}]",,power_consumption 20.99 > 15 (high) and production_rate 10.65 < 15 (low) match the 'Idle running or production sensor fault - interlock logic issue' pattern; two abnormal parameters indicate moderate confidence.
18,Water Supply,High water temperature - possible heat exchanger fouling,fault,High water temperature - possible heat exchanger fouling,1.0,High water temperature - possible heat exchanger fouling,0.45,High water temperature - possible heat exchanger fouling,1.0,rule-guided,"[{""parameter"": ""temperature"", ""value"": 56.9036, ""violations"": [{""condition"": ""> 45"", ""direction"": ""high""}]}]",,"Temperature reading 56.9°C exceeds the >45°C threshold, indicating high water temperature. No other parameters are abnormal. This single violation weakly matches the 'High water temperature - possible heat exchanger fouling' fault pattern, lowering confidence."
19,HVAC,Excess humidity - possible condensate drain blockage,fault,Excess humidity - possible condensate drain blockage,1.0,Excess humidity - possible condensate drain blockage,0.65,Excess humidity - possible condensate drain blockage,1.0,rule-guided,"[{""parameter"": ""indoor_humidity"", ""value"": 73.7601, ""violations"": [{""condition"": ""> 70"", ""direction"": ""high""}]}, {""parameter"": ""indoor_temp"", ""value"": 34.3433, ""violations"": [{""condition"": ""> 28"", ""direction"": ""high""}]}, {""parameter"": ""supply_temp"", ""value"": 23.9131, ""violations"": [{""condition"": ""> 22"", ""direction"": ""high""}]}]",,"Indoor humidity exceeds threshold (73.76 > 70), directly indicating excess humidity. Indoor temp is extremely high (34.34 > 28) and supply temp is slightly elevated (23.91 > 22), but these do not satisfy the stricter thresholds required for cold source failure (supply_temp > 26) or other multi-parameter patterns. Thus, the most specific matching fault is excess humidity, with additional abnormalities suggesting a possible compound issue but insufficient to override the humidity anchor."
20,Power Distribution,Low power factor - excessive reactive power consumption,fault,Low power factor - excessive reactive power consumption,1.0,Low power factor - excessive reactive power consumption,0.65,Low power factor - excessive reactive power consumption,1.0,rule-guided,"[{""parameter"": ""current"", ""value"": 114.045, ""violations"": [{""condition"": ""> 50"", ""direction"": ""high""}]}, {""parameter"": ""power_factor"", ""value"": 0.6184, ""violations"": [{""condition"": ""< 0.75"", ""direction"": ""low""}]}, {""parameter"": ""voltage"", ""value"": 223.5204, ""violations"": [{""condition"": ""> 200"", ""direction"": ""high""}]}]",,"Power factor (0.618) violates threshold (<0.75), directly indicating low power factor. Current (114.045) is >50 and voltage (223.52) is >200, but these do not complete any multi‑parameter pattern; they may be secondary effects. Hence, moderate confidence in the single‑parameter fault."
21,Chiller,Condenser fouling - scale or biofilm reducing heat transfer,fault,Condenser fouling - scale or biofilm reducing heat transfer,1.0,Condenser fouling - scale or biofilm reducing heat transfer,0.88,Condenser fouling - scale or biofilm reducing heat transfer,1.0,rule-guided,"[{""parameter"": ""compressor_current"", ""value"": 20.0655, ""violations"": [{""condition"": ""> 18"", ""direction"": ""high""}, {""condition"": ""> 20"", ""direction"": ""high""}]}, {""parameter"": ""coolant_flow"", ""value"": 12.0313, ""violations"": [{""condition"": ""> 12"", ""direction"": ""high""}]}, {""parameter"": ""cooling_water_in_temp"", ""value"": 31.3809, ""violations"": [{""condition"": ""< 32"", ""direction"": ""low""}]}]",,"compressor_current (20.07) >20, coolant_flow (12.03) >12, and cooling_water_in_temp (31.38) <32 match the Condenser fouling pattern."
22,Chiller,Condenser fouling - scale or biofilm reducing heat transfer,fault,Condenser fouling - scale or biofilm reducing heat transfer,1.0,Condenser fouling - scale or biofilm reducing heat transfer,0.9,Condenser fouling - scale or biofilm reducing heat transfer,1.0,rule-guided,"[{""parameter"": ""chilled_water_out_temp"", ""value"": 15.0, ""violations"": [{""condition"": ""> 12"", ""direction"": ""high""}]}, {""parameter"": ""compressor_current"", ""value"": 24.1247, ""violations"": [{""condition"": ""> 18"", ""direction"": ""high""}, {""condition"": ""> 20"", ""direction"": ""high""}]}, {""parameter"": ""coolant_flow"", ""value"": 15.976, ""violations"": [{""condition"": ""> 12"", ""direction"": ""high""}]}, {""parameter"": ""cooling_water_in_temp"", ""value"": 26.6521, ""violations"": [{""condition"": ""< 32"", ""direction"": ""low""}]}]",,"All four sensor readings violate thresholds: chilled_water_out_temp high (15>12), compressor_current high (24.12>18, >20), coolant_flow high (15.98>12), cooling_water_in_temp low (26.65<32). This matches the condenser fouling pattern (compressor >18 + coolant flow >12 + cooling water in temp <32), indicating reduced heat transfer."
23,Water Supply,High water temperature - possible heat exchanger fouling,fault,High water temperature - possible heat exchanger fouling,1.0,High water temperature - possible heat exchanger fouling,0.6,High water temperature - possible heat exchanger fouling,1.0,rule-guided,"[{""parameter"": ""temperature"", ""value"": 50.707, ""violations"": [{""condition"": ""> 45"", ""direction"": ""high""}]}, {""parameter"": ""water_elec_ratio"", ""value"": 0.5661, ""violations"": [{""condition"": ""< 1.0"", ""direction"": ""low""}, {""condition"": ""< 1.5"", ""direction"": ""low""}]}]",,"Temperature reading 50.71 exceeds threshold >45 (high), matching 'High water temperature - possible heat exchanger fouling'. Water_electricity_ratio 0.57 is below <1.0 threshold (low), but no other faults match this combination. Confidence moderate due to two abnormal parameters."
24,Water Supply,Power supply phase imbalance - motor efficiency degradation,fault,Power supply phase imbalance - motor efficiency degradation,0.507,Power supply phase imbalance - motor efficiency degradation,0.85,Power supply phase imbalance - motor efficiency degradation,0.507,rule-guided,"[{""parameter"": ""pump_current"", ""value"": 23.8881, ""violations"": [{""condition"": ""> 20"", ""direction"": ""high""}, {""condition"": ""> 22"", ""direction"": ""high""}]}, {""parameter"": ""temperature"", ""value"": 60.0, ""violations"": [{""condition"": ""> 45"", ""direction"": ""high""}]}, {""parameter"": ""water_elec_ratio"", ""value"": 0.6076, ""violations"": [{""condition"": ""< 1.0"", ""direction"": ""low""}, {""condition"": ""< 1.5"", ""direction"": ""low""}]}]",,"Pump current (23.89 A) exceeds >22 A threshold and water_elec_ratio (0.608) is below <1.0 threshold, matching the power supply phase imbalance pattern. Temperature (60°C) exceeds >45°C threshold, which may be a secondary effect, but the primary matching pattern is phase imbalance."
25,HVAC,Air filter blockage - increased airway resistance,fault,Air filter blockage - increased airway resistance,1.0,Air filter blockage - increased airway resistance,0.85,Air filter blockage - increased airway resistance,1.0,rule-guided,"[{""parameter"": ""fan_power"", ""value"": 3.7463, ""violations"": [{""condition"": ""> 3.5"", ""direction"": ""high""}]}, {""parameter"": ""supply_temp"", ""value"": 27.9016, ""violations"": [{""condition"": ""> 22"", ""direction"": ""high""}, {""condition"": ""> 24"", ""direction"": ""high""}, {""condition"": ""> 25"", ""direction"": ""high""}, {""condition"": ""> 26"", ""direction"": ""high""}]}]",,"fan_power=3.75 exceeds the >3.5 threshold, and supply_temp=27.9 exceeds all four supply_temp thresholds (strictest >26), matching the air filter blockage pattern (fan_power>3.5 + supply_temp>22) with high specificity."
26,Power Distribution,Severe three-phase current imbalance - possible winding fault,fault,Severe three-phase current imbalance - possible winding fault,0.53,Severe three-phase current imbalance - possible winding fault,0.88,Severe three-phase current imbalance - possible winding fault,0.53,rule-guided,"[{""parameter"": ""current"", ""value"": 200.0, ""violations"": [{""condition"": ""> 50"", ""direction"": ""high""}, {""condition"": ""> 150"", ""direction"": ""high""}]}, {""parameter"": ""phase_imbalance"", ""value"": 17.4802, ""violations"": [{""condition"": ""> 15"", ""direction"": ""high""}]}, {""parameter"": ""power_factor"", ""value"": 0.7332, ""violations"": [{""condition"": ""< 0.75"", ""direction"": ""low""}]}, {""parameter"": ""voltage"", ""value"": 216.1431, ""violations"": [{""condition"": ""> 200"", ""direction"": ""high""}]}]",,"Current (200) far exceeds >50 and >150 thresholds; phase_imbalance (17.48) exceeds >15; these two match the severe current imbalance pattern. Additionally, power_factor (0.733) is low (<0.75) and voltage (216.14) is high (>200), supporting abnormal operation."
27,Chiller,Low coolant flow - possible pump blockage or valve closure,fault,Low coolant flow - possible pump blockage or valve closure,1.0,Low coolant flow - possible pump blockage or valve closure,0.9,Low coolant flow - possible pump blockage or valve closure,1.0,rule-guided,"[{""parameter"": ""compressor_current"", ""value"": 7.3767, ""violations"": [{""condition"": ""< 8"", ""direction"": ""low""}]}, {""parameter"": ""coolant_flow"", ""value"": 6.5255, ""violations"": [{""condition"": ""< 8"", ""direction"": ""low""}]}, {""parameter"": ""cooling_water_in_temp"", ""value"": 26.901, ""violations"": [{""condition"": ""< 32"", ""direction"": ""low""}]}]",,"Coolant flow (6.53) is below the threshold (<8), directly indicating low coolant flow. Additionally, compressor current (7.38) is below <8, and cooling water inlet temperature (26.9) is below <32, supporting the diagnosis."
28,HVAC,Air filter blockage - increased airway resistance,fault,Air filter blockage - increased airway resistance,1.0,Air filter blockage - increased airway resistance,0.87,Air filter blockage - increased airway resistance,1.0,rule-guided,"[{""parameter"": ""fan_power"", ""value"": 3.7633, ""violations"": [{""condition"": ""> 3.5"", ""direction"": ""high""}]}, {""parameter"": ""supply_temp"", ""value"": 22.8273, ""violations"": [{""condition"": ""> 22"", ""direction"": ""high""}]}]",,"fan_power (3.7633) violates >3.5 threshold (high) and supply_temp (22.8273) violates >22 threshold (high), matching the Air filter blockage pattern."
29,Water Supply,High water temperature - possible heat exchanger fouling,fault,High water temperature - possible heat exchanger fouling,1.0,High water temperature - possible heat exchanger fouling,0.4,High water temperature - possible heat exchanger fouling,1.0,rule-guided,"[{""parameter"": ""temperature"", ""value"": 47.3363, ""violations"": [{""condition"": ""> 45"", ""direction"": ""high""}]}]",,"Temperature reading 47.34 exceeds the >45 threshold, indicating high water temperature. Only one parameter violated, so evidence is weak and confidence is low."
30,Vacuum Machine,Insufficient vacuum - possible system leak,fault,Insufficient vacuum - possible system leak,1.0,Insufficient vacuum - possible system leak,0.88,Insufficient vacuum - possible system leak,1.0,rule-guided,"[{""parameter"": ""motor_current"", ""value"": 9.0261, ""violations"": [{""condition"": ""> 8"", ""direction"": ""high""}]}, {""parameter"": ""power_consumption"", ""value"": 27.1433, ""violations"": [{""condition"": ""> 15"", ""direction"": ""high""}]}, {""parameter"": ""production_rate"", ""value"": 78.869, ""violations"": [{""condition"": ""> 40"", ""direction"": ""high""}]}, {""parameter"": ""vacuum_level"", ""value"": -172.3859, ""violations"": [{""condition"": ""> -200"", ""direction"": ""high""}]}]",,"motor_current (9.03) exceeds >8 threshold and vacuum_level (-172.39) exceeds >-200 threshold, matching the insufficient vacuum fault pattern. power_consumption and production_rate are also high, supporting the diagnosis."
31,HVAC,Air filter blockage - increased airway resistance,fault,Air filter blockage - increased airway resistance,1.0,Air filter blockage - increased airway resistance,0.65,Air filter blockage - increased airway resistance,1.0,rule-guided,"[{""parameter"": ""fan_power"", ""value"": 4.1208, ""violations"": [{""condition"": ""> 3.5"", ""direction"": ""high""}]}, {""parameter"": ""supply_temp"", ""value"": 24.7382, ""violations"": [{""condition"": ""> 22"", ""direction"": ""high""}, {""condition"": ""> 24"", ""direction"": ""high""}]}]",,"Fan power (4.12) above 3.5 threshold and supply temp (24.74) above 22 threshold, matching air filter blockage pattern."
32,Water Supply,High water temperature - possible heat exchanger fouling,fault,High water temperature - possible heat exchanger fouling,1.0,High water temperature - possible heat exchanger fouling,0.6,High water temperature - possible heat exchanger fouling,1.0,rule-guided,"[{""parameter"": ""pump_current"", ""value"": 25.7751, ""violations"": [{""condition"": ""> 20"", ""direction"": ""high""}, {""condition"": ""> 22"", ""direction"": ""high""}]}, {""parameter"": ""temperature"", ""value"": 51.0595, ""violations"": [{""condition"": ""> 45"", ""direction"": ""high""}]}]",,"Temperature (51.06) exceeds >45 threshold, and pump_current (25.78) exceeds both >20 and >22 thresholds. No other parameters are abnormal. The fault pattern for 'High water temperature' matches the temperature violation, but the elevated pump current is not part of that fault, reducing confidence to moderate."
33,Power Distribution,Severe three-phase current imbalance - possible winding fault,fault,Severe three-phase current imbalance - possible winding fault,1.0,Severe three-phase current imbalance - possible winding fault,0.87,Severe three-phase current imbalance - possible winding fault,1.0,rule-guided,"[{""parameter"": ""current"", ""value"": 127.4179, ""violations"": [{""condition"": ""> 50"", ""direction"": ""high""}]}, {""parameter"": ""phase_imbalance"", ""value"": 28.935, ""violations"": [{""condition"": ""> 15"", ""direction"": ""high""}]}, {""parameter"": ""voltage"", ""value"": 214.8193, ""violations"": [{""condition"": ""> 200"", ""direction"": ""high""}]}]",,"Voltage (214.82 V) exceeds the >200 V threshold, current (127.42 A) exceeds the >50 A threshold, and phase imbalance (28.94%) exceeds the >15% threshold. These violations match the pattern for severe three-phase current imbalance, indicating a possible winding fault."
34,Water Supply,High water temperature - possible heat exchanger fouling,fault,High water temperature - possible heat exchanger fouling,1.0,High water temperature - possible heat exchanger fouling,0.65,High water temperature - possible heat exchanger fouling,1.0,rule-guided,"[{""parameter"": ""pump_current"", ""value"": 21.0867, ""violations"": [{""condition"": ""> 20"", ""direction"": ""high""}]}, {""parameter"": ""temperature"", ""value"": 59.9683, ""violations"": [{""condition"": ""> 45"", ""direction"": ""high""}]}]",,"Temperature reading 59.97 exceeds threshold >45, indicating high water temperature; pump_current 21.09 violates >20 threshold but not >22. The pattern for High water temperature is met. Two parameters out of bounds suggest moderate confidence."
35,HVAC,Air filter blockage - increased airway resistance,fault,Air filter blockage - increased airway resistance,0.497,Air filter blockage - increased airway resistance,0.87,Air filter blockage - increased airway resistance,0.497,rule-guided,"[{""parameter"": ""fan_power"", ""value"": 4.3327, ""violations"": [{""condition"": ""> 3.5"", ""direction"": ""high""}]}, {""parameter"": ""indoor_temp"", ""value"": 29.787, ""violations"": [{""condition"": ""> 28"", ""direction"": ""high""}]}, {""parameter"": ""supply_temp"", ""value"": 30.0, ""violations"": [{""condition"": ""> 22"", ""direction"": ""high""}, {""condition"": ""> 24"", ""direction"": ""high""}, {""condition"": ""> 25"", ""direction"": ""high""}, {""condition"": ""> 26"", ""direction"": ""high""}]}]",,fan_power 4.33 > 3.5 and supply_temp 30 > 22 match air filter blockage pattern; indoor_temp 29.8 > 28 further supports reduced cooling capacity.
36,Power Distribution,Low power factor - excessive reactive power consumption,fault,Low power factor - excessive reactive power consumption,1.0,Low power factor - excessive reactive power consumption,0.85,Low power factor - excessive reactive power consumption,1.0,rule-guided,"[{""parameter"": ""current"", ""value"": 113.9755, ""violations"": [{""condition"": ""> 50"", ""direction"": ""high""}]}, {""parameter"": ""power_factor"", ""value"": 0.6407, ""violations"": [{""condition"": ""< 0.75"", ""direction"": ""low""}]}, {""parameter"": ""voltage"", ""value"": 190.0, ""violations"": [{""condition"": ""< 210"", ""direction"": ""low""}]}]",,"Voltage low (190V < 210V), current high (113.98A > 50A), and power factor low (0.64 < 0.75). Low power factor matches its single-parameter pattern. Other patterns require conditions not present (phase imbalance <15, current not >150)."
37,Water Supply,High water temperature - possible heat exchanger fouling,fault,High water temperature - possible heat exchanger fouling,1.0,High water temperature - possible heat exchanger fouling,0.6,High water temperature - possible heat exchanger fouling,1.0,rule-guided,"[{""parameter"": ""pump_current"", ""value"": 21.0479, ""violations"": [{""condition"": ""> 20"", ""direction"": ""high""}]}, {""parameter"": ""temperature"", ""value"": 58.4844, ""violations"": [{""condition"": ""> 45"", ""direction"": ""high""}]}]",,"Temperature reading (58.48°C) violates the >45°C threshold, directly indicating high water temperature consistent with heat exchanger fouling. Pump current (21.05 A) exceeds the >20 A threshold, but flow rate and water_elec_ratio remain normal, so no other fault pattern is fully matched. Two parameters out of bounds yields moderate confidence."
38,Power Distribution,Severe three-phase current imbalance - possible winding fault,fault,Severe three-phase current imbalance - possible winding fault,0.53,Severe three-phase current imbalance - possible winding fault,0.87,Severe three-phase current imbalance - possible winding fault,0.53,rule-guided,"[{""parameter"": ""current"", ""value"": 130.7493, ""violations"": [{""condition"": ""> 50"", ""direction"": ""high""}]}, {""parameter"": ""phase_imbalance"", ""value"": 24.2774, ""violations"": [{""condition"": ""> 15"", ""direction"": ""high""}]}, {""parameter"": ""power_factor"", ""value"": 0.6906, ""violations"": [{""condition"": ""< 0.75"", ""direction"": ""low""}]}, {""parameter"": ""voltage"", ""value"": 216.8091, ""violations"": [{""condition"": ""> 200"", ""direction"": ""high""}]}]",,"Current (130.75) exceeds >50 threshold and phase_imbalance (24.28) exceeds >15 threshold, matching the pattern for severe three-phase current imbalance. Power factor low (0.69 <0.75) and voltage high (216.81 >200) further support system stress."
39,Power Distribution,Severe three-phase current imbalance - possible winding fault,fault,Severe three-phase current imbalance - possible winding fault,0.5,Undervoltage under high load - possible transformer degradation,0.87,Severe three-phase current imbalance - possible winding fault,0.5,rule-guided,"[{""parameter"": ""current"", ""value"": 161.0018, ""violations"": [{""condition"": ""> 50"", ""direction"": ""high""}, {""condition"": ""> 150"", ""direction"": ""high""}]}, {""parameter"": ""phase_imbalance"", ""value"": 25.2248, ""violations"": [{""condition"": ""> 15"", ""direction"": ""high""}]}, {""parameter"": ""voltage"", ""value"": 198.8859, ""violations"": [{""condition"": ""< 210"", ""direction"": ""low""}]}]",,"Voltage is low (<210V), current is high (>150A), and phase imbalance is high (>15%). These match the pattern for undervoltage under high load, indicating possible transformer degradation."
40,Chiller,Low coolant flow - possible pump blockage or valve closure,fault,Low coolant flow - possible pump blockage or valve closure,1.0,Low coolant flow - possible pump blockage or valve closure,0.65,Low coolant flow - possible pump blockage or valve closure,1.0,rule-guided,"[{""parameter"": ""chilled_water_out_temp"", ""value"": 14.9415, ""violations"": [{""condition"": ""> 12"", ""direction"": ""high""}]}, {""parameter"": ""coolant_flow"", ""value"": 6.2147, ""violations"": [{""condition"": ""< 8"", ""direction"": ""low""}]}]",,"Coolant flow is 6.21 (<8 threshold), directly indicating low coolant flow. Chilled water outlet temperature is also high (14.94 >12), but does not match other fault patterns fully."
41,HVAC,Excess humidity - possible condensate drain blockage,fault,Excess humidity - possible condensate drain blockage,1.0,Excess humidity - possible condensate drain blockage,0.65,Excess humidity - possible condensate drain blockage,1.0,rule-guided,"[{""parameter"": ""fan_power"", ""value"": 3.6012, ""violations"": [{""condition"": ""> 3.5"", ""direction"": ""high""}]}, {""parameter"": ""indoor_humidity"", ""value"": 74.4128, ""violations"": [{""condition"": ""> 70"", ""direction"": ""high""}]}]",,"indoor_humidity (74.4 > 70) and fan_power (3.6 > 3.5) violate thresholds. The excess humidity pattern (indoor_humidity > 70) is matched, while the fan_power abnormality does not align with any higher-priority fault. Two abnormal parameters yield moderate confidence."
42,Vacuum Machine,Power unit energy anomaly - motor or impeller degradation,fault,Power unit energy anomaly - motor or impeller degradation,1.0,Power unit energy anomaly - motor or impeller degradation,0.88,Power unit energy anomaly - motor or impeller degradation,1.0,rule-guided,"[{""parameter"": ""motor_current"", ""value"": 9.2657, ""violations"": [{""condition"": ""> 8"", ""direction"": ""high""}]}, {""parameter"": ""power_consumption"", ""value"": 35.0082, ""violations"": [{""condition"": ""> 15"", ""direction"": ""high""}, {""condition"": ""> 30"", ""direction"": ""high""}]}, {""parameter"": ""production_rate"", ""value"": 72.145, ""violations"": [{""condition"": ""> 40"", ""direction"": ""high""}]}]",,"motor_current (9.27) exceeds '>8' threshold, power_consumption (35.01) exceeds both '>15' and '>30' thresholds, and production_rate (72.14) exceeds '>40' threshold. This matches the pattern for power unit energy anomaly - motor or impeller degradation."
43,Chiller,Condenser fouling - scale or biofilm reducing heat transfer,fault,,0.0,Condenser fouling - scale or biofilm reducing heat transfer,0.7,Condenser fouling - scale or biofilm reducing heat transfer,0.7,rule-guided,"[{""parameter"": ""chilled_water_out_temp"", ""value"": 15.0, ""violations"": [{""condition"": ""> 12"", ""direction"": ""high""}]}, {""parameter"": ""compressor_current"", ""value"": 20.9512, ""violations"": [{""condition"": ""> 18"", ""direction"": ""high""}, {""condition"": ""> 20"", ""direction"": ""high""}]}, {""parameter"": ""coolant_flow"", ""value"": 18.2165, ""violations"": [{""condition"": ""> 12"", ""direction"": ""high""}]}]",,"chilled_water_out_temp 15>12, compressor_current 20.95>20, coolant_flow 18.22>12 indicate high load and poor heat rejection, consistent with condenser fouling even though cooling_water_in_temp is normal (not <32)."
44,Chiller,Cooling tower malfunction - fan failure or fill fouling,fault,Cooling tower malfunction - fan failure or fill fouling,1.0,Cooling tower malfunction - fan failure or fill fouling,0.88,Cooling tower malfunction - fan failure or fill fouling,1.0,rule-guided,"[{""parameter"": ""compressor_current"", ""value"": 22.7595, ""violations"": [{""condition"": ""> 18"", ""direction"": ""high""}, {""condition"": ""> 20"", ""direction"": ""high""}]}, {""parameter"": ""coolant_flow"", ""value"": 29.8868, ""violations"": [{""condition"": ""> 12"", ""direction"": ""high""}]}, {""parameter"": ""cooling_water_in_temp"", ""value"": 38.0277, ""violations"": [{""condition"": ""> 35"", ""direction"": ""high""}]}]",,"compressor_current 22.76 violates thresholds >18 and >20 (high), cooling_water_in_temp 38.03 violates >35 (high), matching the cooling tower malfunction pattern. Additional high coolant_flow (29.89 >12) does not contradict."
45,HVAC,Excess humidity - possible condensate drain blockage,fault,Excess humidity - possible condensate drain blockage,1.0,Excess humidity - possible condensate drain blockage,0.55,Excess humidity - possible condensate drain blockage,1.0,rule-guided,"[{""parameter"": ""fan_power"", ""value"": 4.1334, ""violations"": [{""condition"": ""> 3.5"", ""direction"": ""high""}]}, {""parameter"": ""indoor_humidity"", ""value"": 73.2149, ""violations"": [{""condition"": ""> 70"", ""direction"": ""high""}]}, {""parameter"": ""indoor_temp"", ""value"": 28.0351, ""violations"": [{""condition"": ""> 28"", ""direction"": ""high""}]}]",,indoor_humidity 73.21 > 70 threshold matches Excess humidity fault. fan_power 4.13 > 3.5 and indoor_temp 28.04 > 28 are also abnormal but do not match any multi-parameter pattern. Confidence lowered due to unexplained anomalies.
46,Power Distribution,Severe three-phase current imbalance - possible winding fault,fault,Severe three-phase current imbalance - possible winding fault,0.53,Severe three-phase current imbalance - possible winding fault,0.9,Severe three-phase current imbalance - possible winding fault,0.53,rule-guided,"[{""parameter"": ""current"", ""value"": 177.1178, ""violations"": [{""condition"": ""> 50"", ""direction"": ""high""}, {""condition"": ""> 150"", ""direction"": ""high""}]}, {""parameter"": ""phase_imbalance"", ""value"": 29.5781, ""violations"": [{""condition"": ""> 15"", ""direction"": ""high""}]}, {""parameter"": ""power_factor"", ""value"": 0.6373, ""violations"": [{""condition"": ""< 0.75"", ""direction"": ""low""}]}, {""parameter"": ""voltage"", ""value"": 239.2717, ""violations"": [{""condition"": ""> 200"", ""direction"": ""high""}]}]",,"Current (177.12 A) exceeds both >50 A and >150 A thresholds (abnormally high), phase_imbalance (29.58%) exceeds >15% threshold (abnormally high), and power_factor (0.637) is below <0.75 threshold (abnormally low). Voltage (239.27 V) also exceeds >200 V threshold. The pattern for severe three-phase current imbalance (current >50 & phase_imbalance >15) matches, while other fault patterns are ruled out or less specific. High confidence due to multiple strongly violated thresholds."
47,HVAC,Air filter blockage - increased airway resistance,fault,Air filter blockage - increased airway resistance,1.0,Air filter blockage - increased airway resistance,0.87,Air filter blockage - increased airway resistance,1.0,rule-guided,"[{""parameter"": ""fan_power"", ""value"": 4.5171, ""violations"": [{""condition"": ""> 3.5"", ""direction"": ""high""}]}, {""parameter"": ""indoor_temp"", ""value"": 31.6849, ""violations"": [{""condition"": ""> 28"", ""direction"": ""high""}]}, {""parameter"": ""supply_temp"", ""value"": 23.0763, ""violations"": [{""condition"": ""> 22"", ""direction"": ""high""}]}]",,"fan_power (4.52) exceeds 3.5, supply_temp (23.08) exceeds 22, and indoor_temp (31.68) exceeds 28. These match the Air filter blockage pattern. Base confidence from pattern is 0.87."
48,Power Distribution,Severe three-phase current imbalance - possible winding fault,fault,Severe three-phase current imbalance - possible winding fault,0.347,Severe three-phase current imbalance - possible winding fault,0.87,Severe three-phase current imbalance - possible winding fault,0.87,rule-guided,"[{""parameter"": ""current"", ""value"": 154.7679, ""violations"": [{""condition"": ""> 50"", ""direction"": ""high""}, {""condition"": ""> 150"", ""direction"": ""high""}]}, {""parameter"": ""phase_imbalance"", ""value"": 18.5351, ""violations"": [{""condition"": ""> 15"", ""direction"": ""high""}]}, {""parameter"": ""power_factor"", ""value"": 0.7143, ""violations"": [{""condition"": ""< 0.75"", ""direction"": ""low""}]}, {""parameter"": ""voltage"", ""value"": 190.0, ""violations"": [{""condition"": ""< 210"", ""direction"": ""low""}]}]",,"Four parameters abnormal: voltage 190 < 210 (low), current 154.8 > 150 (very high), phase imbalance 18.5 > 15 (high), and power factor 0.714 < 0.75 (low). Directly matches pattern for severe three-phase current imbalance (current>50 and imbalance>15). The low voltage and low power factor are consistent with a heavily loaded imbalanced motor, making this the most specific fault."
49,Vacuum Machine,Motor overload - possible bearing wear,fault,Motor overload - possible bearing wear,1.0,Motor overload - possible bearing wear,0.9,Motor overload - possible bearing wear,1.0,rule-guided,"[{""parameter"": ""motor_current"", ""value"": 14.4391, ""violations"": [{""condition"": ""> 8"", ""direction"": ""high""}, {""condition"": ""> 12"", ""direction"": ""high""}]}, {""parameter"": ""power_consumption"", ""value"": 17.1149, ""violations"": [{""condition"": ""> 15"", ""direction"": ""high""}]}]",,"motor_current (14.44) exceeds both thresholds (>8, >12) and power_consumption (17.11) exceeds >15, matching the motor overload pattern."
50,Power Distribution,Undervoltage under high load - possible transformer degradation,fault,Undervoltage under high load - possible transformer degradation,1.0,Undervoltage under high load - possible transformer degradation,0.85,Undervoltage under high load - possible transformer degradation,1.0,rule-guided,"[{""parameter"": ""current"", ""value"": 180.0673, ""violations"": [{""condition"": ""> 50"", ""direction"": ""high""}, {""condition"": ""> 150"", ""direction"": ""high""}]}, {""parameter"": ""voltage"", ""value"": 207.5297, ""violations"": [{""condition"": ""< 210"", ""direction"": ""low""}, {""condition"": ""> 200"", ""direction"": ""high""}]}]",,"Current 180.07 A exceeds >150 A threshold (high), and voltage 207.53 V drops below <210 V threshold (low), matching Undervoltage under high load pattern. Power factor and phase imbalance are within limits."
51,Water Supply,High water temperature - possible heat exchanger fouling,fault,High water temperature - possible heat exchanger fouling,1.0,High water temperature - possible heat exchanger fouling,0.65,High water temperature - possible heat exchanger fouling,1.0,rule-guided,"[{""parameter"": ""temperature"", ""value"": 47.226, ""violations"": [{""condition"": ""> 45"", ""direction"": ""high""}]}, {""parameter"": ""water_elec_ratio"", ""value"": 1.0215, ""violations"": [{""condition"": ""< 1.5"", ""direction"": ""low""}]}]",,"Temperature (47.23) exceeds >45 threshold, directly matching the high water temperature fault pattern. Water-elec ratio (1.02) is below <1.5, indicating a mild efficiency drop, but not severe enough to trigger pump or power faults. With two abnormal parameters, confidence is moderate despite the clear temperature anchor."
52,Power Distribution,Low power factor - excessive reactive power consumption,fault,Low power factor - excessive reactive power consumption,1.0,Low power factor - excessive reactive power consumption,0.6,Low power factor - excessive reactive power consumption,1.0,rule-guided,"[{""parameter"": ""power_factor"", ""value"": 0.7025, ""violations"": [{""condition"": ""< 0.75"", ""direction"": ""low""}]}, {""parameter"": ""voltage"", ""value"": 208.4625, ""violations"": [{""condition"": ""< 210"", ""direction"": ""low""}, {""condition"": ""> 200"", ""direction"": ""high""}]}]",,"power_factor 0.7025 violates <0.75 threshold (low). voltage 208.46 violates both <210 (low) and >200 (high) thresholds. Only matching fault pattern is low power factor, despite voltage anomalies."
53,Chiller,Condenser fouling - scale or biofilm reducing heat transfer,fault,Condenser fouling - scale or biofilm reducing heat transfer,1.0,Condenser fouling - scale or biofilm reducing heat transfer,0.88,Condenser fouling - scale or biofilm reducing heat transfer,1.0,rule-guided,"[{""parameter"": ""chilled_water_out_temp"", ""value"": 12.9804, ""violations"": [{""condition"": ""> 12"", ""direction"": ""high""}]}, {""parameter"": ""compressor_current"", ""value"": 20.2697, ""violations"": [{""condition"": ""> 18"", ""direction"": ""high""}, {""condition"": ""> 20"", ""direction"": ""high""}]}, {""parameter"": ""coolant_flow"", ""value"": 17.6509, ""violations"": [{""condition"": ""> 12"", ""direction"": ""high""}]}, {""parameter"": ""cooling_water_in_temp"", ""value"": 30.2864, ""violations"": [{""condition"": ""< 32"", ""direction"": ""low""}]}]",,"All four parameters are abnormal: chilled_water_out_temp high (>12), compressor_current high (>20), coolant_flow high (>12), cooling_water_in_temp low (<32). This exactly matches the condenser fouling pattern (compressor_current>18, coolant_flow>12, cooling_water_in_temp<32)."
54,Water Supply,High water temperature - possible heat exchanger fouling,fault,High water temperature - possible heat exchanger fouling,1.0,High water temperature - possible heat exchanger fouling,0.6,High water temperature - possible heat exchanger fouling,1.0,rule-guided,"[{""parameter"": ""pump_current"", ""value"": 23.1831, ""violations"": [{""condition"": ""> 20"", ""direction"": ""high""}, {""condition"": ""> 22"", ""direction"": ""high""}]}, {""parameter"": ""temperature"", ""value"": 55.1355, ""violations"": [{""condition"": ""> 45"", ""direction"": ""high""}]}]",,Temperature abnormally high (55.1 > 45) and pump_current high (23.2 > 22). Only temperature matches a known fault pattern (High water temperature). Moderate confidence with two abnormal parameters.
55,Chiller,Low coolant flow - possible pump blockage or valve closure,fault,Low coolant flow - possible pump blockage or valve closure,1.0,Low coolant flow - possible pump blockage or valve closure,0.92,Low coolant flow - possible pump blockage or valve closure,1.0,rule-guided,"[{""parameter"": ""compressor_current"", ""value"": 7.7654, ""violations"": [{""condition"": ""< 8"", ""direction"": ""low""}]}, {""parameter"": ""coolant_flow"", ""value"": 5.0543, ""violations"": [{""condition"": ""< 8"", ""direction"": ""low""}]}, {""parameter"": ""cooling_water_in_temp"", ""value"": 27.4188, ""violations"": [{""condition"": ""< 32"", ""direction"": ""low""}]}]",,"coolant_flow is 5.05 (below threshold <8), directly indicating low coolant flow. Additionally, compressor_current is low (7.77, below <8) and cooling_water_in_temp is low (27.42, below <32). Three abnormal parameters with a direct anchor condition match yield high confidence."
56,Chiller,Refrigerant leak or undercharge - reduced cooling capacity,fault,Refrigerant leak or undercharge - reduced cooling capacity,1.0,Refrigerant leak or undercharge - reduced cooling capacity,0.9,Refrigerant leak or undercharge - reduced cooling capacity,1.0,rule-guided,"[{""parameter"": ""chilled_water_out_temp"", ""value"": 12.4947, ""violations"": [{""condition"": ""> 12"", ""direction"": ""high""}]}, {""parameter"": ""compressor_current"", ""value"": 7.0378, ""violations"": [{""condition"": ""< 8"", ""direction"": ""low""}]}]",,"Chilled water outlet temperature 12.49°C violates >12°C threshold (high) and compressor current 7.04 A violates <8 A threshold (low), matching the refrigerant leak/undercharge pattern."
57,Vacuum Machine,Motor overload - possible bearing wear,fault,Motor overload - possible bearing wear,1.0,Motor overload - possible bearing wear,0.9,Motor overload - possible bearing wear,1.0,rule-guided,"[{""parameter"": ""motor_current"", ""value"": 12.3974, ""violations"": [{""condition"": ""> 8"", ""direction"": ""high""}, {""condition"": ""> 12"", ""direction"": ""high""}]}, {""parameter"": ""power_consumption"", ""value"": 28.773, ""violations"": [{""condition"": ""> 15"", ""direction"": ""high""}]}, {""parameter"": ""production_rate"", ""value"": 61.0604, ""violations"": [{""condition"": ""> 40"", ""direction"": ""high""}]}]",,"motor_current (12.397) exceeds both >8 and >12 thresholds, directly indicating motor overload. power_consumption (28.773) is high above >15, and production_rate (61.060) is high above >40, consistent with the fault condition but not part of a higher-priority multi-parameter pattern that is fully matched. The single-parameter motor_current >12 anchor rule is decisive with high confidence."
58,Vacuum Machine,Motor overload - possible bearing wear,fault,Motor overload - possible bearing wear,1.0,Motor overload - possible bearing wear,0.7,Motor overload - possible bearing wear,1.0,rule-guided,"[{""parameter"": ""motor_current"", ""value"": 13.5188, ""violations"": [{""condition"": ""> 8"", ""direction"": ""high""}, {""condition"": ""> 12"", ""direction"": ""high""}]}, {""parameter"": ""production_rate"", ""value"": 49.8844, ""violations"": [{""condition"": ""> 40"", ""direction"": ""high""}]}]",,"motor_current (13.52) exceeds both >8 and >12 thresholds, indicating overload; production_rate (49.88) exceeds >40 threshold. This matches the single-parameter anchor pattern 'Motor overload - possible bearing wear'."
59,Power Distribution,Severe three-phase current imbalance - possible winding fault,fault,Severe three-phase current imbalance - possible winding fault,0.53,Severe three-phase current imbalance - possible winding fault,0.9,Severe three-phase current imbalance - possible winding fault,0.53,rule-guided,"[{""parameter"": ""current"", ""value"": 190.3012, ""violations"": [{""condition"": ""> 50"", ""direction"": ""high""}, {""condition"": ""> 150"", ""direction"": ""high""}]}, {""parameter"": ""phase_imbalance"", ""value"": 22.5215, ""violations"": [{""condition"": ""> 15"", ""direction"": ""high""}]}, {""parameter"": ""power_factor"", ""value"": 0.6156, ""violations"": [{""condition"": ""< 0.75"", ""direction"": ""low""}]}, {""parameter"": ""voltage"", ""value"": 249.9527, ""violations"": [{""condition"": ""> 200"", ""direction"": ""high""}]}]",,"Current 190.3 (>>150 threshold), phase imbalance 22.5 (>15), power factor 0.62 (<0.75), voltage 249.95 (>200). Pattern match for severe three-phase current imbalance (current >50 + phase imbalance >15). High confidence due to multiple severe threshold violations."
60,Vacuum Machine,Motor overload - possible bearing wear,fault,Motor overload - possible bearing wear,1.0,Motor overload - possible bearing wear,0.65,Motor overload - possible bearing wear,1.0,rule-guided,"[{""parameter"": ""motor_current"", ""value"": 13.4441, ""violations"": [{""condition"": ""> 8"", ""direction"": ""high""}, {""condition"": ""> 12"", ""direction"": ""high""}]}, {""parameter"": ""power_consumption"", ""value"": 35.3535, ""violations"": [{""condition"": ""> 15"", ""direction"": ""high""}, {""condition"": ""> 30"", ""direction"": ""high""}]}]",,"motor_current=13.44 violates both >8 and >12 thresholds, indicating overload; power_consumption=35.35 violates both >15 and >30 thresholds, consistent with increased load. Production rate and vacuum level are normal. The single-parameter pattern Motor overload (motor_current > 12) matches directly."
61,Power Distribution,Severe three-phase current imbalance - possible winding fault,fault,Severe three-phase current imbalance - possible winding fault,1.0,Severe three-phase current imbalance - possible winding fault,0.87,Severe three-phase current imbalance - possible winding fault,1.0,rule-guided,"[{""parameter"": ""current"", ""value"": 136.2345, ""violations"": [{""condition"": ""> 50"", ""direction"": ""high""}]}, {""parameter"": ""phase_imbalance"", ""value"": 19.3969, ""violations"": [{""condition"": ""> 15"", ""direction"": ""high""}]}, {""parameter"": ""voltage"", ""value"": 206.2026, ""violations"": [{""condition"": ""< 210"", ""direction"": ""low""}, {""condition"": ""> 200"", ""direction"": ""high""}]}]",,"current 136.23 exceeds >50 threshold (high), phase_imbalance 19.40 exceeds >15 threshold (high), and voltage 206.20 violates both <210 (low) and >200 (high) thresholds, matching the pattern for severe three-phase current imbalance."
62,Water Supply,High water temperature - possible heat exchanger fouling,fault,High water temperature - possible heat exchanger fouling,1.0,High water temperature - possible heat exchanger fouling,0.4,High water temperature - possible heat exchanger fouling,1.0,rule-guided,"[{""parameter"": ""temperature"", ""value"": 55.2377, ""violations"": [{""condition"": ""> 45"", ""direction"": ""high""}]}]",,"Temperature (55.24) exceeds threshold >45, indicating high water temperature. Only one abnormal parameter suggests this fault with low confidence."
63,Boiler,Heat exchanger fouling - scale or ash deposit on tube surfaces,fault,Heat exchanger fouling - scale or ash deposit on tube surfaces,1.0,Heat exchanger fouling - scale or ash deposit on tube surfaces,0.88,Heat exchanger fouling - scale or ash deposit on tube surfaces,1.0,rule-guided,"[{""parameter"": ""gas_flow"", ""value"": 427.2945, ""violations"": [{""condition"": ""> 200"", ""direction"": ""high""}, {""condition"": ""> 350"", ""direction"": ""high""}]}, {""parameter"": ""temperature"", ""value"": 100.0, ""violations"": [{""condition"": ""< 120"", ""direction"": ""low""}, {""condition"": ""< 150"", ""direction"": ""low""}, {""condition"": ""< 160"", ""direction"": ""low""}]}, {""parameter"": ""water_level"", ""value"": 79.091, ""violations"": [{""condition"": ""> 75"", ""direction"": ""high""}]}]",,"Gas flow (427.29) violates >200 and >350 thresholds (high), temperature (100) violates <120, <150, and <160 thresholds (low), fully matching the heat exchanger fouling pattern. Water level (79.09) also violates >75 (high), but this does not conflict with the diagnosis."
64,Power Distribution,Low power factor - excessive reactive power consumption,fault,Low power factor - excessive reactive power consumption,1.0,Low power factor - excessive reactive power consumption,0.65,Low power factor - excessive reactive power consumption,1.0,rule-guided,"[{""parameter"": ""current"", ""value"": 120.5083, ""violations"": [{""condition"": ""> 50"", ""direction"": ""high""}]}, {""parameter"": ""power_factor"", ""value"": 0.6413, ""violations"": [{""condition"": ""< 0.75"", ""direction"": ""low""}]}, {""parameter"": ""voltage"", ""value"": 243.6677, ""violations"": [{""condition"": ""> 200"", ""direction"": ""high""}]}]",,"Voltage (243.7 > 200), current (120.5 > 50), and power factor (0.64 < 0.75) violate thresholds. The low power factor directly matches the single-parameter pattern for excessive reactive power consumption. The additional high voltage and current are not matched by other patterns, slightly reducing confidence."
65,HVAC,Air filter blockage - increased airway resistance,fault,Air filter blockage - increased airway resistance,0.497,Cold source failure - chiller or chilled water system fault,0.88,Air filter blockage - increased airway resistance,0.497,rule-guided,"[{""parameter"": ""fan_power"", ""value"": 3.8572, ""violations"": [{""condition"": ""> 3.5"", ""direction"": ""high""}]}, {""parameter"": ""indoor_temp"", ""value"": 34.3607, ""violations"": [{""condition"": ""> 28"", ""direction"": ""high""}]}, {""parameter"": ""supply_temp"", ""value"": 30.0, ""violations"": [{""condition"": ""> 22"", ""direction"": ""high""}, {""condition"": ""> 24"", ""direction"": ""high""}, {""condition"": ""> 25"", ""direction"": ""high""}, {""condition"": ""> 26"", ""direction"": ""high""}]}]",,indoor_temp 34.36°C > 28°C and supply_temp 30°C > 26°C directly indicate cold source failure; fan_power 3.86 kW > 3.5 kW is consistent with system strain. The pattern matches with high confidence.
66,Vacuum Machine,Motor overload - possible bearing wear,fault,Motor overload - possible bearing wear,1.0,Motor overload - possible bearing wear,0.45,Motor overload - possible bearing wear,1.0,rule-guided,"[{""parameter"": ""motor_current"", ""value"": 13.3688, ""violations"": [{""condition"": ""> 8"", ""direction"": ""high""}, {""condition"": ""> 12"", ""direction"": ""high""}]}]",,"Only motor_current (13.37) violates thresholds >8 and >12, indicating abnormally high current. This matches the 'Motor overload - possible bearing wear' pattern which requires motor_current >12. No other parameters are abnormal."
67,HVAC,Excess humidity - possible condensate drain blockage,fault,Excess humidity - possible condensate drain blockage,1.0,Excess humidity - possible condensate drain blockage,0.4,Excess humidity - possible condensate drain blockage,1.0,rule-guided,"[{""parameter"": ""indoor_humidity"", ""value"": 78.811, ""violations"": [{""condition"": ""> 70"", ""direction"": ""high""}]}]",,"indoor_humidity reading 78.81% violates the >70% threshold (high humidity). Only one parameter abnormal, so low confidence despite matching the named anchor pattern."
68,Vacuum Machine,Idle running or production sensor fault - interlock logic issue,fault,Idle running or production sensor fault - interlock logic issue,1.0,Idle running or production sensor fault - interlock logic issue,0.8,Idle running or production sensor fault - interlock logic issue,1.0,rule-guided,"[{""parameter"": ""power_consumption"", ""value"": 40.0, ""violations"": [{""condition"": ""> 15"", ""direction"": ""high""}, {""condition"": ""> 30"", ""direction"": ""high""}]}, {""parameter"": ""production_rate"", ""value"": 12.3669, ""violations"": [{""condition"": ""< 15"", ""direction"": ""low""}]}]",,"Power consumption (40) is abnormally high (>30 threshold) and production rate (12.37) is abnormally low (<15 threshold), matching the ‘Idle running or production sensor fault’ pattern."
69,Power Distribution,Severe three-phase current imbalance - possible winding fault,fault,Severe three-phase current imbalance - possible winding fault,1.0,Severe three-phase current imbalance - possible winding fault,0.87,Severe three-phase current imbalance - possible winding fault,1.0,rule-guided,"[{""parameter"": ""current"", ""value"": 113.9172, ""violations"": [{""condition"": ""> 50"", ""direction"": ""high""}]}, {""parameter"": ""phase_imbalance"", ""value"": 22.1727, ""violations"": [{""condition"": ""> 15"", ""direction"": ""high""}]}, {""parameter"": ""voltage"", ""value"": 190.0, ""violations"": [{""condition"": ""< 210"", ""direction"": ""low""}]}]",,"Voltage is abnormally low (190 < 210), current is abnormally high (113.9 > 50), and phase imbalance exceeds 15% (22.2 > 15). These violations match the pattern for severe three-phase current imbalance. Power factor is normal."
70,HVAC,Fan belt slip or breakage - loss of air delivery,fault,Fan belt slip or breakage - loss of air delivery,1.0,Fan belt slip or breakage - loss of air delivery,0.9,Fan belt slip or breakage - loss of air delivery,1.0,rule-guided,"[{""parameter"": ""fan_power"", ""value"": 0.8971, ""violations"": [{""condition"": ""< 1.0"", ""direction"": ""low""}]}, {""parameter"": ""supply_temp"", ""value"": 27.4565, ""violations"": [{""condition"": ""> 22"", ""direction"": ""high""}, {""condition"": ""> 24"", ""direction"": ""high""}, {""condition"": ""> 25"", ""direction"": ""high""}, {""condition"": ""> 26"", ""direction"": ""high""}]}]",,fan_power (0.9) < 1.0 (abnormally low) and supply_temp (27.5) > 25 (abnormally high) match the pattern for fan belt slip or breakage.
71,Chiller,Refrigerant leak or undercharge - reduced cooling capacity,fault,,0.0,Condenser fouling - scale or biofilm reducing heat transfer,0.75,Condenser fouling - scale or biofilm reducing heat transfer,0.75,rule-guided,"[{""parameter"": ""chilled_water_out_temp"", ""value"": 12.7916, ""violations"": [{""condition"": ""> 12"", ""direction"": ""high""}]}, {""parameter"": ""coolant_flow"", ""value"": 12.5047, ""violations"": [{""condition"": ""> 12"", ""direction"": ""high""}]}, {""parameter"": ""cooling_water_in_temp"", ""value"": 20.0, ""violations"": [{""condition"": ""< 32"", ""direction"": ""low""}]}]",,"Three abnormal readings: chilled_water_out_temp 12.79°C >12°C (high), coolant_flow 12.5 L/min >12 L/min (high), cooling_water_in_temp 20°C <32°C (low). This partially matches the condenser fouling pattern (coolant_flow high, cooling_water_in_temp low), although compressor_current 8.01 A is normal, not >18 A. The combination points most strongly to early-stage fouling or a related thermal transfer issue."
72,Power Distribution,Severe three-phase current imbalance - possible winding fault,fault,Severe three-phase current imbalance - possible winding fault,1.0,Severe three-phase current imbalance - possible winding fault,0.87,Severe three-phase current imbalance - possible winding fault,1.0,rule-guided,"[{""parameter"": ""current"", ""value"": 62.4738, ""violations"": [{""condition"": ""> 50"", ""direction"": ""high""}]}, {""parameter"": ""phase_imbalance"", ""value"": 17.9769, ""violations"": [{""condition"": ""> 15"", ""direction"": ""high""}]}, {""parameter"": ""voltage"", ""value"": 217.743, ""violations"": [{""condition"": ""> 200"", ""direction"": ""high""}]}]",,Voltage reading of 217.74 violates >200 threshold (high); current reading of 62.47 violates >50 threshold (high); phase_imbalance reading of 17.98 violates >15 threshold (high). These match the pattern for severe three-phase current imbalance (current >50 and phase_imbalance >15). No other fault patterns match.
73,Power Distribution,Severe three-phase current imbalance - possible winding fault,fault,Severe three-phase current imbalance - possible winding fault,0.53,Severe three-phase current imbalance - possible winding fault,0.87,Severe three-phase current imbalance - possible winding fault,0.53,rule-guided,"[{""parameter"": ""current"", ""value"": 66.1001, ""violations"": [{""condition"": ""> 50"", ""direction"": ""high""}]}, {""parameter"": ""phase_imbalance"", ""value"": 24.7286, ""violations"": [{""condition"": ""> 15"", ""direction"": ""high""}]}, {""parameter"": ""power_factor"", ""value"": 0.6827, ""violations"": [{""condition"": ""< 0.75"", ""direction"": ""low""}]}, {""parameter"": ""voltage"", ""value"": 206.2526, ""violations"": [{""condition"": ""< 210"", ""direction"": ""low""}, {""condition"": ""> 200"", ""direction"": ""high""}]}]",,"Current (66.1 > 50) and phase_imbalance (24.73 > 15) violate thresholds, matching pattern for severe current imbalance. Voltage and power factor also abnormal, but this fault best explains the pattern."
74,Power Distribution,Severe three-phase current imbalance - possible winding fault,fault,Severe three-phase current imbalance - possible winding fault,1.0,Severe three-phase current imbalance - possible winding fault,0.87,Severe three-phase current imbalance - possible winding fault,1.0,rule-guided,"[{""parameter"": ""current"", ""value"": 110.1151, ""violations"": [{""condition"": ""> 50"", ""direction"": ""high""}]}, {""parameter"": ""phase_imbalance"", ""value"": 20.7148, ""violations"": [{""condition"": ""> 15"", ""direction"": ""high""}]}, {""parameter"": ""voltage"", ""value"": 219.4307, ""violations"": [{""condition"": ""> 200"", ""direction"": ""high""}]}]",,"Current (110.1 > 50) and phase imbalance (20.7 > 15) exceed thresholds, with voltage also high (219.4 > 200), matching the pattern for severe three-phase current imbalance."
75,Vacuum Machine,Power unit energy anomaly - motor or impeller degradation,fault,Power unit energy anomaly - motor or impeller degradation,1.0,Power unit energy anomaly - motor or impeller degradation,0.7,Power unit energy anomaly - motor or impeller degradation,1.0,rule-guided,"[{""parameter"": ""power_consumption"", ""value"": 32.2577, ""violations"": [{""condition"": ""> 15"", ""direction"": ""high""}, {""condition"": ""> 30"", ""direction"": ""high""}]}, {""parameter"": ""production_rate"", ""value"": 78.6567, ""violations"": [{""condition"": ""> 40"", ""direction"": ""high""}]}]",,"power_consumption (32.26) violates >30 threshold, and production_rate (78.66) violates >40 threshold, both high. This exactly matches the pattern for power unit energy anomaly - motor or impeller degradation, a priority 1 fault. With 2 abnormal parameters, confidence is moderate (0.7)."
76,Power Distribution,Low power factor - excessive reactive power consumption,fault,Low power factor - excessive reactive power consumption,1.0,Low power factor - excessive reactive power consumption,0.65,Low power factor - excessive reactive power consumption,1.0,rule-guided,"[{""parameter"": ""current"", ""value"": 142.1698, ""violations"": [{""condition"": ""> 50"", ""direction"": ""high""}]}, {""parameter"": ""power_factor"", ""value"": 0.6, ""violations"": [{""condition"": ""< 0.75"", ""direction"": ""low""}]}, {""parameter"": ""voltage"", ""value"": 238.2019, ""violations"": [{""condition"": ""> 200"", ""direction"": ""high""}]}]",,"Voltage is high (238.2 > 200), current is high (142.2 > 50), and power factor is low (0.6 < 0.75). The only matching candidate fault pattern is Low power factor, triggered by power factor below 0.75. Other patterns require additional threshold violations (phase_imbalance >15, current >150, or current <5) that are not present. Confidence moderate due to multiple unexplained abnormal readings."
77,Vacuum Machine,Motor overload - possible bearing wear,fault,Motor overload - possible bearing wear,1.0,Motor overload - possible bearing wear,0.65,Motor overload - possible bearing wear,1.0,rule-guided,"[{""parameter"": ""motor_current"", ""value"": 12.1065, ""violations"": [{""condition"": ""> 8"", ""direction"": ""high""}, {""condition"": ""> 12"", ""direction"": ""high""}]}, {""parameter"": ""power_consumption"", ""value"": 27.4893, ""violations"": [{""condition"": ""> 15"", ""direction"": ""high""}]}]",,"Motor_current (12.11) exceeds both high thresholds (>8 and >12) and power_consumption (27.49) exceeds >15 threshold. This matches the Motor overload pattern (motor_current >12), indicating possible bearing wear. Two abnormal parameters yield moderate confidence."
78,HVAC,Air filter blockage - increased airway resistance,fault,Air filter blockage - increased airway resistance,1.0,Air filter blockage - increased airway resistance,0.65,Air filter blockage - increased airway resistance,1.0,rule-guided,"[{""parameter"": ""fan_power"", ""value"": 4.4372, ""violations"": [{""condition"": ""> 3.5"", ""direction"": ""high""}]}, {""parameter"": ""supply_temp"", ""value"": 23.2149, ""violations"": [{""condition"": ""> 22"", ""direction"": ""high""}]}]",,"fan_power (4.44 > 3.5) and supply_temp (23.21 > 22) are both high, matching the fault pattern for air filter blockage."
79,HVAC,Air filter blockage - increased airway resistance,fault,Air filter blockage - increased airway resistance,0.497,Cold source failure - chiller or chilled water system fault,0.92,Air filter blockage - increased airway resistance,0.497,rule-guided,"[{""parameter"": ""fan_power"", ""value"": 4.0012, ""violations"": [{""condition"": ""> 3.5"", ""direction"": ""high""}]}, {""parameter"": ""indoor_temp"", ""value"": 32.4849, ""violations"": [{""condition"": ""> 28"", ""direction"": ""high""}]}, {""parameter"": ""supply_temp"", ""value"": 26.495, ""violations"": [{""condition"": ""> 22"", ""direction"": ""high""}, {""condition"": ""> 24"", ""direction"": ""high""}, {""condition"": ""> 25"", ""direction"": ""high""}, {""condition"": ""> 26"", ""direction"": ""high""}]}]",,"indoor_temp 32.5 exceeds >28 (high), supply_temp 26.5 exceeds >26 (high), fan_power 4.0 exceeds >3.5 (high). These three violations match cold source failure pattern (indoor_temp>28 & supply_temp>26), indicating a primary cooling system fault."
80,Chiller,Refrigerant leak or undercharge - reduced cooling capacity,fault,Refrigerant leak or undercharge - reduced cooling capacity,1.0,Refrigerant leak or undercharge - reduced cooling capacity,0.9,Refrigerant leak or undercharge - reduced cooling capacity,1.0,rule-guided,"[{""parameter"": ""chilled_water_out_temp"", ""value"": 15.0, ""violations"": [{""condition"": ""> 12"", ""direction"": ""high""}]}, {""parameter"": ""compressor_current"", ""value"": 6.3859, ""violations"": [{""condition"": ""< 8"", ""direction"": ""low""}]}, {""parameter"": ""coolant_flow"", ""value"": 21.7421, ""violations"": [{""condition"": ""> 12"", ""direction"": ""high""}]}]",,"chilled_water_out_temp 15 > 12 (high) and compressor_current 6.39 < 8 (low) exactly match the refrigerant leak pattern; coolant_flow 21.74 > 12 (high) is an additional abnormality. Three abnormal parameters, pattern match yields high confidence."
81,HVAC,Fan belt slip or breakage - loss of air delivery,fault,Cold source failure - chiller or chilled water system fault,1.0,Cold source failure - chiller or chilled water system fault,0.65,Cold source failure - chiller or chilled water system fault,1.0,rule-guided,"[{""parameter"": ""indoor_temp"", ""value"": 28.236, ""violations"": [{""condition"": ""> 28"", ""direction"": ""high""}]}, {""parameter"": ""supply_temp"", ""value"": 27.5434, ""violations"": [{""condition"": ""> 22"", ""direction"": ""high""}, {""condition"": ""> 24"", ""direction"": ""high""}, {""condition"": ""> 25"", ""direction"": ""high""}, {""condition"": ""> 26"", ""direction"": ""high""}]}]",,Indoor_temp (28.24°C) exceeds >28 threshold; supply_temp (27.54°C) exceeds >26 threshold. Both match Cold Source Failure pattern. Two abnormal parameters suggest moderate confidence.
82,Air Compressor,Discharge overheating - cooler fouling or lubrication degradation,fault,Discharge overheating - cooler fouling or lubrication degradation,1.0,Discharge overheating - cooler fouling or lubrication degradation,0.88,Discharge overheating - cooler fouling or lubrication degradation,1.0,rule-guided,"[{""parameter"": ""discharge_pressure"", ""value"": 130.8087, ""violations"": [{""condition"": ""> 100"", ""direction"": ""high""}]}, {""parameter"": ""temperature"", ""value"": 100.0, ""violations"": [{""condition"": ""> 85"", ""direction"": ""high""}, {""condition"": ""> 90"", ""direction"": ""high""}]}]",,"Discharge pressure (130.81) exceeds >100 threshold, and temperature (100) exceeds >90 threshold, perfectly matching the discharge overheating fault pattern."
83,Water Supply,High water temperature - possible heat exchanger fouling,fault,High water temperature - possible heat exchanger fouling,1.0,High water temperature - possible heat exchanger fouling,0.65,High water temperature - possible heat exchanger fouling,1.0,rule-guided,"[{""parameter"": ""temperature"", ""value"": 56.6981, ""violations"": [{""condition"": ""> 45"", ""direction"": ""high""}]}, {""parameter"": ""water_elec_ratio"", ""value"": 1.2966, ""violations"": [{""condition"": ""< 1.5"", ""direction"": ""low""}]}]",,"Temperature 56.7 > 45 threshold, indicating high water temperature. Water_elec_ratio 1.30 < 1.5 threshold, suggesting mild inefficiency. These two abnormal parameters support heat exchanger fouling with moderate confidence."
84,Water Supply,High water temperature - possible heat exchanger fouling,fault,High water temperature - possible heat exchanger fouling,1.0,High water temperature - possible heat exchanger fouling,0.88,High water temperature - possible heat exchanger fouling,1.0,rule-guided,"[{""parameter"": ""pump_current"", ""value"": 20.0066, ""violations"": [{""condition"": ""> 20"", ""direction"": ""high""}]}, {""parameter"": ""temperature"", ""value"": 50.6057, ""violations"": [{""condition"": ""> 45"", ""direction"": ""high""}]}, {""parameter"": ""water_elec_ratio"", ""value"": 1.2252, ""violations"": [{""condition"": ""< 1.5"", ""direction"": ""low""}]}]",,"Temperature 50.61 exceeds >45 threshold, matching the High water temperature fault pattern. Pump current (20.01 > 20) and water_elec_ratio (1.23 < 1.5) also abnormal, but flow rate and pressure normal, so pipe blockage and pump efficiency drop are not indicated. Power supply phase imbalance not matched. Confidence high due to clear temperature violation."
85,Power Distribution,Low power factor - excessive reactive power consumption,fault,Low power factor - excessive reactive power consumption,1.0,Low power factor - excessive reactive power consumption,0.75,Low power factor - excessive reactive power consumption,1.0,rule-guided,"[{""parameter"": ""current"", ""value"": 89.9233, ""violations"": [{""condition"": ""> 50"", ""direction"": ""high""}]}, {""parameter"": ""power_factor"", ""value"": 0.6311, ""violations"": [{""condition"": ""< 0.75"", ""direction"": ""low""}]}, {""parameter"": ""voltage"", ""value"": 244.1828, ""violations"": [{""condition"": ""> 200"", ""direction"": ""high""}]}]",,"Power factor (0.63) is below the <0.75 threshold, directly indicating low power factor. Current (89.92 A) violates the >50 A threshold, likely due to increased reactive current. Voltage (244.18 V) exceeds the >200 V threshold but no specific fault pattern matches high voltage alone. The low power factor pattern is the most specific match for the symptoms, but confidence is moderated by the unexplained high voltage."
86,Vacuum Machine,Insufficient vacuum - possible system leak,fault,Insufficient vacuum - possible system leak,1.0,Insufficient vacuum - possible system leak,0.88,Insufficient vacuum - possible system leak,1.0,rule-guided,"[{""parameter"": ""motor_current"", ""value"": 8.5614, ""violations"": [{""condition"": ""> 8"", ""direction"": ""high""}]}, {""parameter"": ""power_consumption"", ""value"": 18.9145, ""violations"": [{""condition"": ""> 15"", ""direction"": ""high""}]}, {""parameter"": ""production_rate"", ""value"": 94.7125, ""violations"": [{""condition"": ""> 40"", ""direction"": ""high""}]}, {""parameter"": ""vacuum_level"", ""value"": -193.1228, ""violations"": [{""condition"": ""> -200"", ""direction"": ""high""}]}]",,"motor_current (8.56 > 8) and vacuum_level (-193.12 > -200) violate thresholds for insufficient vacuum, directly matching the 'possible system leak' pattern. power_consumption and production_rate are also abnormally high, suggesting system compensation, but do not meet the stricter combined thresholds for other faults."
87,HVAC,Excess humidity - possible condensate drain blockage,fault,Excess humidity - possible condensate drain blockage,1.0,Excess humidity - possible condensate drain blockage,0.6,Excess humidity - possible condensate drain blockage,1.0,rule-guided,"[{""parameter"": ""coil_delta_t"", ""value"": 2.3289, ""violations"": [{""condition"": ""< 3"", ""direction"": ""low""}]}, {""parameter"": ""fan_power"", ""value"": 3.9839, ""violations"": [{""condition"": ""> 3.5"", ""direction"": ""high""}]}, {""parameter"": ""indoor_humidity"", ""value"": 72.7049, ""violations"": [{""condition"": ""> 70"", ""direction"": ""high""}]}]",,"indoor_humidity 72.7 > 70 indicates excess humidity; however, fan_power 3.98 > 3.5 and coil_delta_t 2.33 < 3 are also abnormal but do not meet full fault patterns, lowering confidence."
88,HVAC,Excess humidity - possible condensate drain blockage,fault,Excess humidity - possible condensate drain blockage,1.0,Excess humidity - possible condensate drain blockage,0.65,Excess humidity - possible condensate drain blockage,1.0,rule-guided,"[{""parameter"": ""indoor_humidity"", ""value"": 77.3468, ""violations"": [{""condition"": ""> 70"", ""direction"": ""high""}]}, {""parameter"": ""indoor_temp"", ""value"": 33.8864, ""violations"": [{""condition"": ""> 28"", ""direction"": ""high""}]}]",,"Two parameters violate thresholds: indoor_temp 33.9°C (>28°C) and indoor_humidity 77.3% (>70%). The high humidity directly matches the anchor condition for 'Excess humidity'. No other fault patterns are satisfied (supply_temp, fan_power, coil_delta_t are normal). The extra high indoor_temp may be a secondary effect, but does not match any other fault pattern. Confidence moderate due to two abnormal parameters, but only one is the direct anchor."
89,Water Supply,High water temperature - possible heat exchanger fouling,fault,,0.0,Unknown,0.55,Unknown,0.55,rule-guided,"[{""parameter"": ""pump_current"", ""value"": 23.9629, ""violations"": [{""condition"": ""> 20"", ""direction"": ""high""}, {""condition"": ""> 22"", ""direction"": ""high""}]}, {""parameter"": ""water_elec_ratio"", ""value"": 1.4822, ""violations"": [{""condition"": ""< 1.5"", ""direction"": ""low""}]}]",,"pump_current is high (23.96 > 20 and >22) and water_elec_ratio is low (1.48 < 1.5), but no candidate fault pattern fully matches; flow_rate and pressure are normal, power supply imbalance requires water_elec_ratio < 1.0, and pump efficiency drop requires flow_rate < 5."
90,Water Supply,High water temperature - possible heat exchanger fouling,fault,High water temperature - possible heat exchanger fouling,1.0,High water temperature - possible heat exchanger fouling,0.65,High water temperature - possible heat exchanger fouling,1.0,rule-guided,"[{""parameter"": ""temperature"", ""value"": 49.2148, ""violations"": [{""condition"": ""> 45"", ""direction"": ""high""}]}]",,"Temperature reading 49.21 exceeds threshold >45, indicating abnormally high temperature. This directly matches the single-parameter fault pattern for high water temperature. Only one parameter is abnormal, so confidence is moderate."
91,Chiller,Condenser fouling - scale or biofilm reducing heat transfer,fault,Condenser fouling - scale or biofilm reducing heat transfer,1.0,Condenser fouling - scale or biofilm reducing heat transfer,0.92,Condenser fouling - scale or biofilm reducing heat transfer,1.0,rule-guided,"[{""parameter"": ""compressor_current"", ""value"": 23.953, ""violations"": [{""condition"": ""> 18"", ""direction"": ""high""}, {""condition"": ""> 20"", ""direction"": ""high""}]}, {""parameter"": ""coolant_flow"", ""value"": 19.6055, ""violations"": [{""condition"": ""> 12"", ""direction"": ""high""}]}, {""parameter"": ""cooling_water_in_temp"", ""value"": 31.4225, ""violations"": [{""condition"": ""< 32"", ""direction"": ""low""}]}]",,"Compressor current high (23.95 > 20), coolant flow high (19.61 > 12), and cooling water inlet temperature low (31.42 < 32) match the condenser fouling pattern."
92,Power Distribution,Severe three-phase current imbalance - possible winding fault,fault,Severe three-phase current imbalance - possible winding fault,1.0,Severe three-phase current imbalance - possible winding fault,0.87,Severe three-phase current imbalance - possible winding fault,1.0,rule-guided,"[{""parameter"": ""current"", ""value"": 157.7392, ""violations"": [{""condition"": ""> 50"", ""direction"": ""high""}, {""condition"": ""> 150"", ""direction"": ""high""}]}, {""parameter"": ""phase_imbalance"", ""value"": 22.4634, ""violations"": [{""condition"": ""> 15"", ""direction"": ""high""}]}, {""parameter"": ""voltage"", ""value"": 231.827, ""violations"": [{""condition"": ""> 200"", ""direction"": ""high""}]}]",,"Current (157.74 A) violates >50 and >150 thresholds, phase imbalance (22.46%) violates >15% threshold, voltage (231.83 V) violates >200 V threshold. The combination of high current and high phase imbalance matches the 'Severe three-phase current imbalance' fault pattern."
93,HVAC,Excess humidity - possible condensate drain blockage,fault,Excess humidity - possible condensate drain blockage,1.0,Excess humidity - possible condensate drain blockage,0.4,Excess humidity - possible condensate drain blockage,1.0,rule-guided,"[{""parameter"": ""indoor_humidity"", ""value"": 80.0, ""violations"": [{""condition"": ""> 70"", ""direction"": ""high""}]}]",,"indoor_humidity (80) exceeds >70 threshold; no other parameters out of bounds, consistent with single-parameter Excess humidity fault."
94,Water Supply,High water temperature - possible heat exchanger fouling,fault,High water temperature - possible heat exchanger fouling,1.0,High water temperature - possible heat exchanger fouling,0.65,High water temperature - possible heat exchanger fouling,1.0,rule-guided,"[{""parameter"": ""pressure"", ""value"": 21.1446, ""violations"": [{""condition"": ""< 30"", ""direction"": ""low""}]}, {""parameter"": ""temperature"", ""value"": 53.554, ""violations"": [{""condition"": ""> 45"", ""direction"": ""high""}]}]",,"Pressure reading 21.14 is below the <30 threshold (abnormally low), and temperature 53.55 is above the >45 threshold (abnormally high). The high temperature directly matches the 'High water temperature - possible heat exchanger fouling' fault pattern. The low pressure is an additional abnormality but does not match other fault patterns requiring low flow rate. With two abnormal parameters, confidence is moderate."
95,Vacuum Machine,Motor overload - possible bearing wear,fault,Motor overload - possible bearing wear,1.0,Motor overload - possible bearing wear,0.7,Motor overload - possible bearing wear,1.0,rule-guided,"[{""parameter"": ""motor_current"", ""value"": 13.1548, ""violations"": [{""condition"": ""> 8"", ""direction"": ""high""}, {""condition"": ""> 12"", ""direction"": ""high""}]}, {""parameter"": ""production_rate"", ""value"": 96.9227, ""violations"": [{""condition"": ""> 40"", ""direction"": ""high""}]}]",,motor_current (13.15) exceeds >12 threshold matching Motor overload pattern; production_rate (96.92) also exceeds >40. Two abnormal parameters give moderate confidence.
96,HVAC,Excess humidity - possible condensate drain blockage,fault,Excess humidity - possible condensate drain blockage,1.0,Excess humidity - possible condensate drain blockage,0.6,Excess humidity - possible condensate drain blockage,1.0,rule-guided,"[{""parameter"": ""indoor_humidity"", ""value"": 79.5756, ""violations"": [{""condition"": ""> 70"", ""direction"": ""high""}]}, {""parameter"": ""supply_temp"", ""value"": 24.8655, ""violations"": [{""condition"": ""> 22"", ""direction"": ""high""}, {""condition"": ""> 24"", ""direction"": ""high""}]}]",,"indoor_humidity 79.58% violates >70% threshold, matching excess humidity fault. supply_temp 24.87°C violates >22°C and >24°C, but no other parameters support a different fault; confidence moderate due to two abnormal parameters."
97,Chiller,Low coolant flow - possible pump blockage or valve closure,fault,Low coolant flow - possible pump blockage or valve closure,1.0,Low coolant flow - possible pump blockage or valve closure,0.7,Low coolant flow - possible pump blockage or valve closure,1.0,rule-guided,"[{""parameter"": ""coolant_flow"", ""value"": 7.5005, ""violations"": [{""condition"": ""< 8"", ""direction"": ""low""}]}, {""parameter"": ""cooling_water_in_temp"", ""value"": 30.8416, ""violations"": [{""condition"": ""< 32"", ""direction"": ""low""}]}]",,Coolant flow is low (7.50 < 8) and cooling water inlet temperature is low (30.84 < 32). The low coolant flow matches the 'Low coolant flow' pattern; the low cooling water temperature may be a secondary effect or independent but does not contradict the diagnosis.
98,Chiller,Condenser fouling - scale or biofilm reducing heat transfer,fault,Condenser fouling - scale or biofilm reducing heat transfer,1.0,Condenser fouling - scale or biofilm reducing heat transfer,0.88,Condenser fouling - scale or biofilm reducing heat transfer,1.0,rule-guided,"[{""parameter"": ""compressor_current"", ""value"": 19.9792, ""violations"": [{""condition"": ""> 18"", ""direction"": ""high""}]}, {""parameter"": ""coolant_flow"", ""value"": 22.2213, ""violations"": [{""condition"": ""> 12"", ""direction"": ""high""}]}, {""parameter"": ""cooling_water_in_temp"", ""value"": 27.7313, ""violations"": [{""condition"": ""< 32"", ""direction"": ""low""}]}]",,"compressor_current > 18 (19.98), coolant_flow > 12 (22.22), cooling_water_in_temp < 32 (27.73) match the condenser fouling pattern."
99,Water Supply,High water temperature - possible heat exchanger fouling,fault,High water temperature - possible heat exchanger fouling,1.0,High water temperature - possible heat exchanger fouling,0.9,High water temperature - possible heat exchanger fouling,1.0,rule-guided,"[{""parameter"": ""temperature"", ""value"": 56.6376, ""violations"": [{""condition"": ""> 45"", ""direction"": ""high""}]}]",,"Temperature reading 56.64 exceeds the >45 threshold, indicating high temperature consistent with heat exchanger fouling."
100,Vacuum Machine,Motor overload - possible bearing wear,fault,Motor overload - possible bearing wear,1.0,Motor overload - possible bearing wear,0.9,Motor overload - possible bearing wear,1.0,rule-guided,"[{""parameter"": ""motor_current"", ""value"": 13.4771, ""violations"": [{""condition"": ""> 8"", ""direction"": ""high""}, {""condition"": ""> 12"", ""direction"": ""high""}]}, {""parameter"": ""power_consumption"", ""value"": 19.0228, ""violations"": [{""condition"": ""> 15"", ""direction"": ""high""}]}, {""parameter"": ""production_rate"", ""value"": 49.0543, ""violations"": [{""condition"": ""> 40"", ""direction"": ""high""}]}]",,"Motor_current 13.48 exceeds the >12 threshold indicating motor overload. Power_consumption 19.02 exceeds >15 and production_rate 49.05 exceeds >40, but no other fault pattern fully matches. Motor overload is the most specific fault with high confidence."
